Time,V,Ap,ApM,I,ThN,ThE,TkN,TkE,B,Ps,Pl,Bm,IgM,IgG,C,NK
0,61,1e+06,0,0,1e+06,0,500000,0,250000,0,0,0,0,0,0,130000
0.1,65.6739,883491,0.315611,0.00209386,999999,0.75482,482287,0.383585,256765,0.0226406,0.0321371,0.00648438,6.71813e-05,8.1512e-07,2.26838,130138
0.2,70.596,792760,0.597583,0.00457098,999997,2.90474,468493,1.50562,261506,0.0817447,0.251272,0.0511486,0.000496798,1.27816e-05,2.45933,130633
0.3,75.7808,725001,0.851014,0.00711155,999994,6.29622,458191,3.32693,264833,0.16602,0.826647,0.169742,0.0015522,6.29838e-05,2.63762,131501
0.4,81.2433,675576,1.0807,0.00971365,999989,10.7999,450676,5.81827,267171,0.266721,1.90626,0.394875,0.00340789,0.000194157,2.80653,132749
0.5,86.9985,640275,1.29083,0.0123675,999984,16.3082,445308,8.96034,268820,0.3773,3.61803,0.756088,0.00617208,0.000462307,2.96889,134384
0.6,93.0614,615548,1.48481,0.0150732,999977,22.7319,441547,12.7428,269988,0.493067,6.07148,1.28009,0.00990253,0.000935117,3.12702,136413
0.7,99.4471,598533,1.66532,0.0178246,999970,29.9974,438959,17.1621,270816,0.610757,9.36051,1.99119,0.014621,0.00169007,3.28274,138839
0.8,106.171,587020,1.83432,0.0206125,999961,38.0419,437207,22.2193,271407,0.728112,13.5659,2.91166,0.0203257,0.00281271,3.4374,141669
0.9,113.248,579358,1.99317,0.0234253,999952,46.8105,436041,27.9183,271832,0.843589,18.7579,4.06219,0.0270001,0.00439535,3.59192,144903
1,120.695,574345,2.14275,0.026249,999943,56.2537,435278,34.2636,272143,0.956134,24.9968,5.46192,0.0346166,0.00653611,3.74688,148542
1.1,128.528,571120,2.28355,0.0290677,999932,66.3256,434786,41.2593,272375,1.06504,32.3342,7.12866,0.0431404,0.00933803,3.90257,152584
1.2,136.764,569053,2.41585,0.0318653,999921,76.982,434471,48.9078,272553,1.16978,40.8137,9.07895,0.0525317,0.012908,4.0591,157024
1.3,145.423,567743,2.5397,0.0346262,999910,88.18,434271,57.2096,272695,1.27005,50.4718,11.3281,0.0627466,0.0173563,4.21639,161854
1.4,154.523,566962,2.65497,0.037337,999897,99.877,434151,66.162,272810,1.3656,61.3381,13.8905,0.0737393,0.0227961,4.3742,167066
1.5,164.086,566459,2.76179,0.0399767,999885,112.031,434074,75.7586,272909,1.45622,73.435,16.7791,0.0854622,0.0293419,4.53241,172646
1.6,174.134,566136,2.8601,0.0425401,999871,124.598,434024,85.9904,272994,1.54179,86.7785,20.0056,0.0978663,0.03711,4.69079,178582
1.7,184.691,566054,2.94944,0.0450896,999858,137.537,434011,96.8449,273073,1.62215,101.38,23.5812,0.110903,0.0462165,4.84888,184863
1.8,195.782,566091,3.03012,0.0475697,999844,150.804,434016,108.305,273148,1.69721,117.243,27.5153,0.124522,0.0567777,5.00666,191476
1.9,207.438,566122,3.10257,0.0499147,999829,164.356,434020,120.351,273223,1.76685,134.368,31.8167,0.138673,0.0689089,5.16416,198408
2,219.686,566210,3.1668,0.0521541,999814,178.154,434033,132.963,273298,1.83108,152.747,36.4927,0.153306,0.0827246,5.32113,205639
2.1,232.559,566242,3.22357,0.0542145,999799,192.159,434037,146.117,273376,1.88998,172.368,41.5497,0.168371,0.0983375,5.47761,213141
2.2,246.093,566090,3.27383,0.0560447,999784,206.337,434014,159.792,273455,1.94369,193.216,46.9929,0.183819,0.115858,5.63369,220884
2.3,260.32,565948,3.31731,0.0580786,999769,220.655,433992,173.965,273538,1.9924,215.269,52.8269,0.199603,0.135394,5.78928,228871
2.4,275.278,565891,3.3543,0.0603206,999753,235.083,433983,188.617,273623,2.03633,238.506,59.0553,0.215678,0.157051,5.94449,237097
2.5,291.006,565908,3.38539,0.0621843,999737,249.592,433985,203.724,273713,2.07565,262.9,65.6811,0.232002,0.18093,6.0997,245565
2.6,307.545,565973,3.41127,0.0641805,999721,264.156,433995,219.268,273807,2.11059,288.422,72.7065,0.248533,0.20713,6.25542,254277
2.7,324.938,566016,3.43279,0.0661802,999705,278.749,434001,235.229,273907,2.14139,315.042,80.133,0.265233,0.235746,6.41196,263216
2.8,343.231,566036,3.45046,0.0672546,999689,293.354,434004,251.591,274011,2.16836,342.725,87.9616,0.282068,0.266868,6.56853,272313
2.9,362.469,566014,3.46505,0.0691287,999673,307.952,434000,268.34,274122,2.19188,371.439,96.1926,0.299004,0.300583,6.72571,281574
3,382.701,565988,3.47706,0.0717246,999656,322.533,433996,285.465,274238,2.21234,401.148,104.826,0.316012,0.336975,6.88511,291082
3.1,403.975,565982,3.48673,0.0728068,999640,337.084,433995,302.96,274361,2.23007,431.818,113.862,0.333066,0.376121,7.04653,300808
3.2,426.342,565980,3.49449,0.075797,999624,351.596,433995,320.821,274490,2.24536,463.414,123.301,0.350145,0.418097,7.21027,310763
3.3,449.855,565976,3.50077,0.0768611,999607,366.06,433994,339.042,274627,2.25854,495.901,133.14,0.367228,0.462973,7.37542,320860
3.4,474.568,565975,3.50584,0.0791474,999591,380.471,433994,357.621,274771,2.26987,529.246,143.381,0.384297,0.510817,7.54363,331203
3.5,500.537,565974,3.50999,0.0818478,999574,394.824,433994,376.557,274922,2.27965,563.413,154.021,0.401339,0.561691,7.71453,341753
3.6,527.818,565974,3.51341,0.0837346,999558,409.115,433994,395.854,275082,2.2881,598.372,165.06,0.41834,0.615655,7.88904,352556
3.7,556.472,565974,3.51628,0.0853871,999541,423.343,433994,415.514,275251,2.29544,634.089,176.497,0.435292,0.672765,8.06578,363522
3.8,586.559,565974,3.51873,0.0875142,999525,437.504,433994,435.538,275429,2.30187,670.536,188.33,0.452184,0.733071,8.24548,374691
3.9,618.141,565974,3.52085,0.0898338,999508,451.598,433994,455.93,275616,2.30755,707.68,200.56,0.469012,0.796624,8.42825,386067
4,651.283,565974,3.52272,0.0920829,999492,465.624,433994,476.694,275813,2.31262,745.495,213.185,0.485768,0.863469,8.61464,397678
4.1,686.05,565973,3.52439,0.0945189,999475,479.581,433994,497.836,276021,2.31721,783.954,226.204,0.502449,0.933649,8.80442,409512
4.2,722.51,565973,3.5259,0.0964721,999459,493.468,433994,519.362,276240,2.32141,823.029,239.616,0.519052,1.0072,8.9976,421563
4.3,760.733,565973,3.52728,0.0991419,999442,507.285,433994,541.276,276470,2.32532,862.696,253.42,0.535575,1.08417,9.19445,433852
4.4,800.79,565973,3.52855,0.102173,999425,521.033,433994,563.585,276712,2.329,902.931,267.616,0.552014,1.16457,9.39547,446409
4.5,842.753,565973,3.52973,0.104572,999409,534.71,433994,586.295,276967,2.33251,943.711,282.204,0.568371,1.24846,9.59934,459145
4.6,886.697,565973,3.53082,0.107099,999392,548.317,433994,609.413,277234,2.3359,985.016,297.181,0.584643,1.33585,9.80816,472196
4.7,932.698,565973,3.53183,0.11009,999376,561.854,433994,632.945,277515,2.33921,1026.82,312.548,0.60083,1.42677,10.0207,485484
4.8,980.834,565973,3.53278,0.112929,999359,575.321,433994,656.898,277811,2.34247,1069.12,328.305,0.616933,1.52124,10.2373,499027
4.9,1031.18,565973,3.53366,0.11576,999343,588.718,433994,681.278,278121,2.34572,1111.87,344.451,0.632952,1.6193,10.458,512832
5,1083.83,565973,3.53449,0.118846,999326,602.045,433994,706.094,278447,2.34896,1155.08,360.986,0.648888,1.72096,10.683,526913
5.1,1138.85,565973,3.53525,0.121728,999309,615.303,433994,731.35,278789,2.35224,1198.72,377.909,0.66474,1.82623,10.9119,541235
5.2,1196.32,565973,3.53597,0.124432,999293,628.49,433994,757.053,279147,2.35556,1242.78,395.22,0.680511,1.93514,11.1446,555798
5.3,1256.34,565973,3.53664,0.12805,999276,641.609,433994,783.208,279523,2.35893,1287.24,412.921,0.6962,2.0477,11.3818,570647
5.4,1318.98,565972,3.53727,0.132004,999260,654.658,433994,809.824,279917,2.36238,1332.09,431.01,0.71181,2.16392,11.6237,585793
5.5,1384.34,565972,3.53785,0.134759,999243,667.638,433994,836.908,280330,2.36592,1377.32,449.487,0.727341,2.28383,11.8698,601201
5.6,1452.49,565972,3.5384,0.138048,999226,680.549,433994,864.465,280763,2.36955,1422.92,468.355,0.742794,2.40742,12.1204,616894
5.7,1523.52,565972,3.53891,0.142514,999210,693.391,433994,892.502,281216,2.37329,1468.88,487.612,0.758172,2.53471,12.3751,632850
5.8,1597.52,565972,3.53938,0.146107,999193,706.164,433994,921.024,281691,2.37715,1515.19,507.259,0.773476,2.66571,12.6346,649106
5.9,1674.57,565972,3.53982,0.149351,999176,718.87,433994,950.039,282187,2.38113,1561.83,527.298,0.788706,2.80043,12.8984,665630
6,1754.76,565972,3.54023,0.153048,999160,731.507,433994,979.552,282706,2.38525,1608.82,547.729,0.803866,2.93887,13.1665,682423
6.1,1838.18,565972,3.54061,0.156937,999143,744.076,433994,1009.57,283249,2.38952,1656.12,568.552,0.818956,3.08105,13.4389,699493
6.2,1924.89,565972,3.54097,0.160847,999127,756.578,433994,1040.09,283816,2.39394,1703.75,589.771,0.833979,3.22697,13.7158,716839
6.3,2015,565971,3.54129,0.164876,999110,769.013,433994,1071.13,284409,2.39853,1751.7,611.385,0.848936,3.37663,13.997,734462
6.4,2108.57,565971,3.5416,0.168982,999093,781.38,433994,1102.69,285028,2.40329,1799.97,633.396,0.863829,3.53004,14.2826,752363
6.5,2205.68,565971,3.54187,0.173177,999077,793.681,433994,1134.77,285675,2.40823,1848.54,655.806,0.87866,3.6872,14.5727,770540
6.6,2306.42,565971,3.54213,0.177431,999060,805.914,433994,1167.38,286349,2.41337,1897.43,678.617,0.893432,3.84813,14.8671,788992
6.7,2410.84,565971,3.54237,0.181779,999044,818.082,433994,1200.53,287053,2.4187,1946.63,701.831,0.908146,4.01281,15.1659,807718
6.8,2519.02,565971,3.54258,0.186257,999027,830.183,433994,1234.21,287786,2.42424,1996.14,725.449,0.922804,4.18127,15.469,826717
6.9,2631.03,565971,3.54278,0.190768,999010,842.219,433994,1268.43,288551,2.42999,2045.97,749.475,0.937409,4.35351,15.7764,845984
7,2746.93,565971,3.54295,0.195384,998994,854.189,433994,1303.2,289348,2.43597,2096.1,773.911,0.951963,4.52952,16.088,865518
7.1,2866.77,565971,3.54311,0.200051,998977,866.094,433994,1338.51,290177,2.44218,2146.56,798.76,0.966469,4.70932,16.4038,885309
7.2,2990.61,565970,3.54326,0.204722,998960,877.934,433994,1374.37,291041,2.44864,2197.33,824.024,0.980928,4.8929,16.7234,905343
7.3,3118.51,565970,3.54338,0.209402,998944,889.709,433994,1410.79,291939,2.45534,2248.43,849.705,0.995344,5.08028,17.0468,925618
7.4,3250.48,565970,3.54349,0.214241,998927,901.42,433994,1447.75,292873,2.46231,2299.86,875.81,1.00972,5.27147,17.3742,946136
7.5,3386.58,565970,3.54359,0.219219,998911,913.067,433994,1485.27,293844,2.46954,2351.62,902.34,1.02405,5.46646,17.7052,966891
7.6,3526.84,565970,3.54367,0.224321,998894,924.65,433994,1523.35,294853,2.47706,2403.73,929.298,1.03835,5.66527,18.04,987878
7.7,3671.25,565970,3.54374,0.229451,998877,936.169,433994,1561.97,295901,2.48486,2456.19,956.69,1.05262,5.8679,18.3784,1.00909e+06
7.8,3819.87,565970,3.5438,0.234636,998861,947.625,433994,1601.16,296989,2.49295,2509.01,984.519,1.06685,6.07437,18.7203,1.03052e+06
7.9,3972.66,565970,3.54385,0.239905,998844,959.018,433994,1640.9,298118,2.50135,2562.2,1012.79,1.08106,6.28467,19.0656,1.05216e+06
8,4129.63,565969,3.5439,0.245276,998827,970.349,433994,1681.19,299288,2.51006,2615.76,1041.51,1.09524,6.49883,19.4142,1.07402e+06
8.1,4290.79,565969,3.54394,0.250739,998811,981.617,433994,1722.03,300501,2.5191,2669.72,1070.67,1.1094,6.71685,19.7661,1.09608e+06
8.2,4456.07,565969,3.54392,0.256272,998794,992.823,433994,1763.41,301757,2.52845,2724.08,1100.3,1.12355,6.93875,20.121,1.11833e+06
8.3,4625.47,565969,3.54384,0.261879,998778,1003.97,433994,1805.35,303058,2.53814,2778.85,1130.38,1.13767,7.16454,20.479,1.14077e+06
8.4,4798.94,565969,3.54374,0.267547,998761,1015.05,433994,1847.82,304404,2.54817,2834.05,1160.93,1.15178,7.39423,20.8397,1.16339e+06
8.5,4976.4,565969,3.54373,0.273242,998744,1026.07,433994,1890.84,305796,2.55856,2889.69,1191.96,1.16589,7.62785,21.2032,1.18617e+06
8.6,5157.82,565969,3.54378,0.278963,998728,1037.03,433994,1934.39,307235,2.56931,2945.78,1223.46,1.17998,7.8654,21.5692,1.20911e+06
8.7,5343.07,565968,3.54381,0.28473,998711,1047.93,433994,1978.46,308721,2.58044,3002.35,1255.45,1.19407,8.1069,21.9374,1.23218e+06
8.8,5532.08,565968,3.54379,0.290545,998695,1058.77,433994,2023.06,310255,2.59194,3059.39,1287.92,1.20817,8.35239,22.3076,1.25539e+06
8.9,5724.78,565968,3.54372,0.296402,998678,1069.55,433994,2068.18,311837,2.60382,3116.94,1320.9,1.22226,8.60187,22.6796,1.27871e+06
9,5920.96,565968,3.54368,0.3023,998661,1080.27,433994,2113.8,313469,2.6161,3175,1354.38,1.23636,8.85537,23.0533,1.30213e+06
9.1,6120.55,565968,3.54362,0.308238,998645,1090.93,433994,2159.93,315150,2.62877,3233.59,1388.37,1.25047,9.11291,23.4284,1.32564e+06
9.2,6323.4,565968,3.54355,0.31421,998628,1101.53,433994,2206.55,316881,2.64183,3292.73,1422.87,1.2646,9.37453,23.8048,1.34923e+06
9.3,6529.29,565968,3.54345,0.320205,998611,1112.07,433994,2253.65,318661,2.6553,3352.44,1457.91,1.27874,9.64024,24.1821,1.37287e+06
9.4,6738.12,565967,3.5433,0.326222,998595,1122.55,433994,2301.22,320492,2.66917,3412.73,1493.47,1.2929,9.91007,24.5602,1.39657e+06
9.5,6949.61,565967,3.5432,0.33226,998578,1132.98,433994,2349.26,322373,2.68344,3473.62,1529.57,1.30708,10.1841,24.939,1.42031e+06
9.6,7163.6,565967,3.54316,0.338314,998562,1143.35,433994,2397.75,324303,2.69814,3535.12,1566.22,1.32129,10.4622,25.3181,1.44406e+06
9.7,7379.89,565967,3.54314,0.344378,998545,1153.66,433994,2446.69,326283,2.71325,3597.26,1603.43,1.33553,10.7446,25.6974,1.46782e+06
9.8,7598.15,565967,3.54293,0.350436,998528,1163.91,433994,2496.05,328312,2.72874,3660.05,1641.2,1.34981,11.0313,26.0764,1.49157e+06
9.9,7818.22,565967,3.54255,0.356484,998512,1174.1,433994,2545.82,330389,2.74464,3723.51,1679.54,1.36412,11.3222,26.4549,1.5153e+06
10,8039.79,565967,3.54236,0.36252,998495,1184.24,433994,2596.01,332513,2.76096,3787.65,1718.46,1.37847,11.6175,26.8331,1.539e+06
10.1,8262.55,565967,3.54273,0.368544,998479,1194.32,433994,2646.59,334684,2.77776,3852.49,1757.97,1.39286,11.9172,27.2107,1.56264e+06
10.2,8486.28,565966,3.54365,0.374549,998462,1204.35,433994,2697.55,336901,2.79501,3918.04,1798.07,1.4073,12.2212,27.5877,1.58621e+06
10.3,8710.56,565966,3.54374,0.38052,998445,1214.32,433994,2748.88,339160,2.81262,3984.32,1838.77,1.42179,12.5297,27.9628,1.6097e+06
10.4,8935.12,565966,3.54315,0.38645,998429,1224.24,433994,2800.55,341462,2.83058,4051.35,1880.08,1.43634,12.8427,28.336,1.63309e+06
10.5,9159.64,565966,3.54205,0.392332,998412,1234.1,433994,2852.56,343804,2.84888,4119.12,1922.01,1.45094,13.1602,28.707,1.65637e+06
10.6,9383.72,565966,3.5416,0.398149,998396,1243.9,433994,2904.89,346184,2.86754,4187.67,1964.57,1.46559,13.4823,29.0765,1.67952e+06
10.7,9607.03,565966,3.54152,0.403895,998379,1253.65,433994,2957.53,348600,2.88653,4256.98,2007.75,1.48031,13.809,29.4439,1.70253e+06
10.8,9829.18,565966,3.54145,0.409571,998362,1263.35,433994,3010.45,351049,2.90584,4327.08,2051.58,1.49509,14.1404,29.8087,1.72537e+06
10.9,10049.8,565966,3.54118,0.415178,998346,1272.98,433994,3063.65,353527,2.92547,4397.97,2096.05,1.50994,14.4765,30.1708,1.74805e+06
11,10268.5,565966,3.54083,0.420707,998329,1282.57,433994,3117.12,356032,2.9454,4469.66,2141.18,1.52486,14.8173,30.5298,1.77054e+06
11.1,10484.7,565965,3.54079,0.42612,998313,1292.1,433994,3170.83,358560,2.96563,4542.13,2186.96,1.53984,15.163,30.8859,1.79282e+06
11.2,10698.3,565965,3.54097,0.431415,998296,1301.58,433994,3224.77,361107,2.98616,4615.41,2233.41,1.5549,15.5135,31.2386,1.81489e+06
11.3,10908.7,565965,3.54119,0.436591,998280,1311,433994,3278.94,363669,3.00694,4689.48,2280.53,1.57003,15.8689,31.5877,1.83673e+06
11.4,11115.4,565965,3.54089,0.441667,998263,1320.38,433994,3333.3,366240,3.02788,4764.34,2328.32,1.58524,16.2292,31.9327,1.85833e+06
11.5,11318.2,565965,3.54011,0.44663,998246,1329.69,433994,3387.86,368818,3.04899,4839.98,2376.79,1.60052,16.5946,32.2734,1.87968e+06
11.6,11516.4,565965,3.53989,0.451421,998230,1338.96,433994,3442.59,371394,3.07027,4916.39,2425.93,1.61588,16.9649,32.6102,1.90075e+06
11.7,11709.8,565965,3.54055,0.456013,998213,1348.18,433994,3497.49,373965,3.09174,4993.56,2475.76,1.63132,17.3403,32.943,1.92154e+06
11.8,11897.9,565965,3.54194,0.460403,998197,1357.35,433994,3552.55,376525,3.11333,5071.47,2526.28,1.64684,17.7209,33.2716,1.94204e+06
11.9,12080.2,565965,3.54189,0.464694,998180,1366.47,433994,3607.74,379065,3.13487,5150.09,2577.48,1.66243,18.1065,33.5945,1.96224e+06
12,12256.3,565965,3.54075,0.468856,998163,1375.53,433994,3663.05,381581,3.15634,5229.4,2629.37,1.67811,18.4974,33.9119,1.98213e+06
12.1,12425.7,565965,3.53906,0.472845,998147,1384.54,433994,3718.47,384066,3.17768,5309.38,2681.94,1.69386,18.8934,34.2238,2.0017e+06
12.2,12588.2,565965,3.5387,0.476533,998130,1393.5,433994,3773.99,386513,3.19884,5390,2735.19,1.70968,19.2947,34.5312,2.02093e+06
12.3,12743.2,565965,3.5391,0.479986,998114,1402.41,433994,3829.6,388913,3.21986,5471.2,2789.12,1.72558,19.7013,34.8337,2.03983e+06
12.4,12890.4,565965,3.54014,0.483223,998097,1411.28,433994,3885.3,391259,3.24073,5552.95,2843.72,1.74155,20.1132,35.1311,2.05836e+06
12.5,13029.3,565965,3.5404,0.486277,998081,1420.09,433994,3941.07,393543,3.26136,5635.2,2899,1.75759,20.5303,35.4222,2.07655e+06
12.6,13159.6,565965,3.53992,0.489123,998064,1428.86,433994,3996.92,395757,3.28165,5717.89,2954.93,1.77369,20.9528,35.7072,2.09437e+06
12.7,13281,565965,3.5389,0.491701,998047,1437.57,433994,4052.82,397893,3.30146,5800.97,3011.51,1.78985,21.3805,35.9859,2.11182e+06
12.8,13393,565964,3.53827,0.493995,998031,1446.24,433994,4108.78,399943,3.32076,5884.38,3068.73,1.80607,21.8136,36.2589,2.12889e+06
12.9,13495.4,565964,3.53839,0.495987,998014,1454.85,433994,4164.77,401898,3.3395,5968.04,3126.58,1.82235,22.252,36.5262,2.14559e+06
13,13587.8,565964,3.539,0.49772,997998,1463.42,433994,4220.82,403751,3.3577,6051.89,3185.05,1.83866,22.6957,36.7878,2.16189e+06
13.1,13670,565964,3.53972,0.499191,997981,1471.94,433994,4276.91,405492,3.37527,6135.85,3244.12,1.85503,23.1446,37.0432,2.1778e+06
13.2,13741.6,565965,3.53973,0.500409,997965,1480.42,433994,4333.05,407115,3.39215,6219.84,3303.78,1.87142,23.5988,37.2918,2.19332e+06
13.3,13802.5,565965,3.53974,0.501295,997948,1488.85,433994,4389.22,408610,3.40824,6303.77,3364.01,1.88785,24.0582,37.5342,2.20844e+06
13.4,13852.4,565965,3.53956,0.501869,997932,1497.24,433994,4445.43,409972,3.42344,6387.55,3424.79,1.90429,24.5227,37.77,2.22316e+06
13.5,13891.1,565965,3.53882,0.502266,997915,1505.57,433994,4501.67,411191,3.43764,6471.09,3486.09,1.92075,24.9923,37.9994,2.23749e+06
13.6,13918.4,565965,3.53808,0.502341,997898,1513.86,433994,4557.94,412263,3.45079,6554.29,3547.91,1.93721,25.467,38.2224,2.25142e+06
13.7,13934.3,565965,3.53795,0.501958,997882,1522.1,433994,4614.25,413180,3.46284,6637.05,3610.21,1.95367,25.9466,38.4394,2.26495e+06
13.8,13938.6,565965,3.538,0.501319,997865,1530.3,433994,4670.6,413937,3.47377,6719.26,3672.97,1.97011,26.4311,38.6503,2.27809e+06
13.9,13931.2,565965,3.53826,0.500344,997849,1538.45,433994,4727,414529,3.48355,6800.82,3736.17,1.98652,26.9204,38.8548,2.29082e+06
14,13912.1,565965,3.53851,0.498805,997832,1546.55,433994,4783.45,414951,3.49214,6881.62,3799.77,2.00291,27.4143,39.0526,2.30312e+06
14.1,13881.2,565965,3.5387,0.497007,997816,1554.61,433994,4839.95,415199,3.49948,6961.55,3863.76,2.01924,27.9128,39.2437,2.31501e+06
14.2,13838.6,565965,3.53879,0.495155,997799,1562.63,433994,4896.52,415271,3.50551,7040.5,3928.1,2.03552,28.4158,39.4283,2.32649e+06
14.3,13784.3,565965,3.53883,0.49309,997783,1570.6,433994,4953.16,415164,3.51018,7118.35,3992.76,2.05174,28.923,39.6069,2.33759e+06
14.4,13718.3,565965,3.53883,0.490737,997766,1578.53,433994,5009.87,414878,3.51346,7195.01,4057.71,2.06787,29.4345,39.7795,2.34833e+06
14.5,13640.9,565965,3.53889,0.487801,997749,1586.42,433994,5066.66,414411,3.51531,7270.36,4122.93,2.08392,29.9499,39.9462,2.35868e+06
14.6,13552.1,565965,3.539,0.484409,997733,1594.26,433994,5123.54,413765,3.51571,7344.28,4188.38,2.09986,30.4692,40.1065,2.36863e+06
14.7,13452.1,565965,3.53916,0.480608,997716,1602.06,433994,5180.52,412940,3.51466,7416.69,4254.03,2.11569,30.9921,40.2605,2.37818e+06
14.8,13341.1,565966,3.53926,0.476699,997700,1609.81,433994,5237.62,411939,3.51213,7487.47,4319.84,2.13139,31.5185,40.4082,2.38734e+06
14.9,13219.3,565966,3.53932,0.472666,997683,1617.53,433994,5294.82,410766,3.50813,7556.53,4385.8,2.14696,32.0482,40.55,2.39613e+06
15,13087.1,565966,3.53935,0.468441,997667,1625.2,433994,5352.16,409424,3.50267,7623.77,4451.86,2.16237,32.5811,40.6863,2.40457e+06
15.1,12944.6,565966,3.53942,0.463778,997650,1632.83,433994,5409.64,407919,3.49575,7689.11,4517.99,2.17763,33.1168,40.8169,2.41265e+06
15.2,12792.2,565966,3.53954,0.458604,997634,1640.42,433994,5467.26,406257,3.4874,7752.46,4584.17,2.19271,33.6552,40.9419,2.42038e+06
15.3,12630.3,565966,3.53969,0.453036,997617,1647.97,433994,5525.05,404443,3.47764,7813.75,4650.37,2.2076,34.196,41.0609,2.42772e+06
15.4,12459.3,565966,3.53985,0.447209,997600,1655.47,433994,5583,402486,3.46653,7872.91,4716.55,2.22231,34.7391,41.174,2.4347e+06
15.5,12279.4,565967,3.53996,0.441373,997584,1662.94,433994,5641.13,400392,3.45408,7929.87,4782.69,2.23681,35.2841,41.2814,2.44132e+06
15.6,12091.2,565967,3.54007,0.435415,997567,1670.36,433994,5699.45,398172,3.44036,7984.58,4848.77,2.25109,35.831,41.3837,2.44762e+06
15.7,11895,565967,3.54019,0.429309,997551,1677.75,433994,5757.96,395833,3.4254,8036.99,4914.75,2.26515,36.3793,41.4811,2.45361e+06
15.8,11691.4,565967,3.54033,0.422739,997534,1685.09,433994,5816.69,393385,3.40928,8087.06,4980.62,2.27898,36.929,41.5734,2.45927e+06
15.9,11480.8,565967,3.54049,0.415748,997518,1692.39,433994,5875.64,390837,3.39205,8134.76,5046.34,2.29257,37.4797,41.6605,2.46461e+06
16,11263.6,565967,3.54064,0.40838,997501,1699.66,433994,5934.82,388201,3.37379,8180.07,5111.91,2.3059,38.0311,41.742,2.4696e+06
16.1,11040.4,565968,3.54079,0.401204,997485,1706.88,433994,5994.23,385484,3.35456,8222.98,5177.29,2.31899,38.5832,41.8188,2.47429e+06
16.2,10811.7,565968,3.54093,0.394081,997468,1714.07,433994,6053.88,382699,3.33444,8263.47,5242.48,2.33181,39.1355,41.8909,2.47868e+06
16.3,10578,565968,3.54109,0.386351,997451,1721.21,433994,6113.79,379854,3.31351,8301.55,5307.45,2.34436,39.6879,41.958,2.48276e+06
16.4,10339.8,565968,3.54125,0.378472,997435,1728.32,433994,6173.96,376960,3.29184,8337.23,5372.19,2.35664,40.2401,42.0203,2.48654e+06
16.5,10097.7,565968,3.5414,0.37063,997418,1735.39,433994,6234.39,374026,3.26951,8370.52,5436.69,2.36865,40.7919,42.0781,2.49003e+06
16.6,9852.07,565968,3.54156,0.36261,997402,1742.42,433994,6295.1,371063,3.2466,8401.46,5500.94,2.38037,41.343,42.1313,2.49323e+06
16.7,9603.58,565969,3.54172,0.354465,997385,1749.41,433994,6356.08,368079,3.2232,8430.07,5564.92,2.39181,41.8933,42.18,2.49615e+06
16.8,9352.69,565969,3.54187,0.346232,997369,1756.36,433994,6417.34,365083,3.19939,8456.39,5628.62,2.40297,42.4425,42.2244,2.4988e+06
16.9,9099.94,565969,3.54203,0.337913,997352,1763.28,433994,6478.88,362084,3.17523,8480.47,5692.05,2.41384,42.9903,42.2646,2.50118e+06
17,8845.83,565969,3.54218,0.329521,997336,1770.16,433994,6540.72,359090,3.1508,8502.36,5755.19,2.42443,43.5367,42.3006,2.5033e+06
17.1,8590.8,565969,3.54233,0.321077,997319,1777,433994,6602.83,356105,3.12618,8522.14,5818.06,2.43473,44.0813,42.3326,2.50516e+06
17.2,8335.4,565970,3.54248,0.31259,997302,1783.81,433994,6665.24,353140,3.10143,8539.86,5880.63,2.44475,44.624,42.3605,2.50677e+06
17.3,8080.13,565970,3.54262,0.304074,997286,1790.57,433994,6727.94,350203,3.07664,8555.55,5942.91,2.45448,45.1646,42.3845,2.50813e+06
17.4,7825.43,565970,3.54277,0.295544,997269,1797.3,433994,6790.93,347298,3.05186,8569.3,6004.89,2.46393,45.7029,42.4047,2.50925e+06
17.5,7571.64,565970,3.5429,0.287015,997253,1804,433994,6854.2,344428,3.02713,8581.21,6066.59,2.47311,46.2387,42.4212,2.51014e+06
17.6,7319.33,565970,3.54303,0.2785,997236,1810.66,433994,6917.75,341602,3.00255,8591.33,6128.01,2.482,46.772,42.434,2.51079e+06
17.7,7068.97,565971,3.54315,0.270011,997220,1817.28,433994,6981.6,338827,2.97817,8599.7,6189.13,2.49062,47.3024,42.4432,2.51122e+06
17.8,6820.91,565971,3.54327,0.261563,997203,1823.86,433994,7045.72,336106,2.95403,8606.42,6249.96,2.49897,47.8298,42.4489,2.51143e+06
17.9,6575.3,565971,3.54338,0.253166,997187,1830.41,433994,7110.12,333434,2.93015,8611.61,6310.53,2.50705,48.3543,42.4512,2.51142e+06
18,6332.73,565971,3.54348,0.244835,997170,1836.92,433994,7174.78,330821,2.9066,8615.31,6370.82,2.51488,48.8755,42.4501,2.5112e+06
18.1,6093.62,565971,3.54358,0.236583,997153,1843.4,433994,7239.71,328272,2.88345,8617.6,6430.84,2.52244,49.3933,42.4458,2.51078e+06
18.2,5858.17,565971,3.54366,0.228418,997137,1849.84,433994,7304.9,325789,2.86071,8618.57,6490.6,2.52975,49.9076,42.4383,2.51016e+06
18.3,5626.48,565972,3.54373,0.220344,997120,1856.25,433994,7370.33,323367,2.83837,8618.32,6550.12,2.53681,50.4185,42.4277,2.50934e+06
18.4,5399.06,565972,3.5438,0.212377,997104,1862.62,433994,7436,321014,2.8165,8616.91,6609.39,2.54363,50.9258,42.414,2.50832e+06
18.5,5176.25,565972,3.54385,0.204528,997087,1868.96,433994,7501.91,318733,2.79514,8614.43,6668.43,2.55022,51.4292,42.3973,2.50712e+06
18.6,4958.15,565972,3.54389,0.196803,997071,1875.26,433994,7568.03,316523,2.7743,8610.96,6727.23,2.55658,51.9288,42.3778,2.50574e+06
18.7,4744.78,565972,3.54392,0.189206,997054,1881.53,433994,7634.36,314381,2.75395,8606.58,6785.83,2.56271,52.4247,42.3554,2.50418e+06
18.8,4536.56,565972,3.54394,0.18175,997038,1887.76,433994,7700.9,312311,2.73416,8601.36,6844.22,2.56863,52.9165,42.3303,2.50245e+06
18.9,4333.76,565972,3.54394,0.174445,997021,1893.96,433994,7767.62,310316,2.71495,8595.41,6902.4,2.57433,53.4044,42.3025,2.50055e+06
19,4136.32,565973,3.54392,0.167295,997004,1900.13,433994,7834.52,308390,2.6963,8588.76,6960.4,2.57983,53.8881,42.2721,2.49848e+06
19.1,3944.12,565973,3.54389,0.160302,996988,1906.26,433994,7901.57,306529,2.67818,8581.5,7018.23,2.58514,54.3679,42.2391,2.49626e+06
19.2,3757.54,565973,3.54385,0.153478,996971,1912.35,433994,7968.77,304735,2.66063,8573.71,7075.89,2.59025,54.8436,42.2036,2.49388e+06
19.3,3576.73,565973,3.54378,0.146831,996955,1918.41,433994,8036.11,303009,2.64367,8565.46,7133.39,2.59517,55.3151,42.1658,2.49134e+06
19.4,3401.6,565973,3.5437,0.140353,996938,1924.44,433994,8103.57,301351,2.62728,8556.81,7190.74,2.59992,55.7825,42.1256,2.48867e+06
19.5,3232.04,565973,3.5436,0.134039,996922,1930.43,433994,8171.13,299759,2.61143,8547.79,7247.95,2.60449,56.2458,42.0831,2.48584e+06
19.6,3068.3,565973,3.54348,0.127901,996905,1936.39,433994,8238.79,298233,2.59615,8538.49,7305.04,2.6089,56.7049,42.0384,2.48289e+06
19.7,2910.45,565973,3.54333,0.121942,996889,1942.32,433994,8306.52,296773,2.58144,8528.98,7362.01,2.61314,57.1598,41.9916,2.47979e+06
19.8,2758.3,565974,3.54317,0.116162,996872,1948.21,433994,8374.32,295374,2.56726,8519.29,7418.86,2.61723,57.6106,41.9427,2.47657e+06
19.9,2611.71,565974,3.54298,0.110565,996856,1954.07,433994,8442.16,294035,2.55362,8509.46,7475.62,2.62117,58.0573,41.8918,2.47322e+06
20,2470.84,565974,3.54277,0.105153,996839,1959.9,433994,8510.04,292754,2.5405,8499.57,7532.29,2.62497,58.4999,41.8389,2.46975e+06
20.1,2335.68,565974,3.54253,0.0999301,996823,1965.69,433994,8577.93,291531,2.52791,8489.68,7588.88,2.62862,58.9384,41.7842,2.46616e+06
20.2,2206,565974,3.54226,0.094887,996806,1971.45,433994,8645.82,290365,2.51582,8479.8,7645.39,2.63215,59.3729,41.7276,2.46246e+06
20.3,2081.67,565974,3.54196,0.0900202,996789,1977.18,433994,8713.7,289253,2.50421,8469.96,7701.84,2.63555,59.8033,41.6693,2.45865e+06
20.4,1962.74,565974,3.54163,0.0853345,996773,1982.87,433994,8781.54,288195,2.4931,8460.23,7758.24,2.63882,60.2298,41.6092,2.45473e+06
20.5,1849.15,565974,3.54127,0.0808298,996756,1988.53,433994,8849.35,287188,2.48245,8450.65,7814.59,2.64198,60.6523,41.5475,2.45071e+06
20.6,1740.66,565974,3.54087,0.0764994,996740,1994.16,433994,8917.09,286231,2.47226,8441.24,7870.9,2.64503,61.0709,41.4843,2.44659e+06
20.7,1637.12,565974,3.54043,0.0723405,996723,1999.75,433994,8984.75,285321,2.4625,8432.02,7927.17,2.64797,61.4857,41.4195,2.44238e+06
20.8,1538.51,565974,3.53996,0.0683538,996707,2005.31,433994,9052.33,284457,2.45317,8423.03,7983.42,2.6508,61.8967,41.3532,2.43808e+06
20.9,1444.73,565975,3.53944,0.0645378,996690,2010.84,433994,9119.8,283637,2.44425,8414.33,8039.66,2.65354,62.3039,41.2856,2.43369e+06
21,1355.54,565975,3.53887,0.0608849,996674,2016.33,433994,9187.15,282859,2.43572,8405.9,8095.89,2.65618,62.7074,41.2165,2.42922e+06
21.1,1270.81,565975,3.53826,0.0573916,996657,2021.79,433994,9254.37,282124,2.42757,8397.76,8152.11,2.65873,63.1073,41.1462,2.42467e+06
21.2,1190.45,565975,3.53759,0.0540569,996641,2027.22,433994,9321.44,281427,2.41978,8389.96,8208.33,2.66119,63.5036,41.0747,2.42004e+06
21.3,1114.33,565975,3.53687,0.050878,996624,2032.61,433994,9388.35,280769,2.41235,8382.52,8264.57,2.66357,63.8963,41.0019,2.41534e+06
21.4,1042.24,565975,3.53608,0.0478473,996608,2037.97,433994,9455.08,280146,2.40524,8375.44,8320.82,2.66587,64.2856,40.928,2.41058e+06
21.5,974.051,565975,3.53524,0.0449613,996591,2043.3,433994,9521.62,279559,2.39845,8368.73,8377.09,2.6681,64.6715,40.853,2.40574e+06
21.6,909.629,565975,3.53432,0.0422172,996575,2048.59,433994,9587.97,279004,2.39197,8362.41,8433.38,2.67025,65.054,40.777,2.40085e+06
21.7,848.834,565975,3.53334,0.0396114,996558,2053.85,433994,9654.09,278480,2.38576,8356.52,8489.71,2.67233,65.4333,40.7,2.39589e+06
21.8,791.503,565975,3.53228,0.0371371,996542,2059.08,433994,9719.99,277987,2.37983,8351.02,8546.07,2.67434,65.8093,40.622,2.39088e+06
21.9,737.491,565975,3.53113,0.0347905,996525,2064.27,433994,9785.64,277523,2.37415,8345.94,8602.47,2.67629,66.1822,40.5432,2.38582e+06
22,686.655,565975,3.5299,0.0325678,996509,2069.43,433994,9851.05,277087,2.36871,8341.3,8658.92,2.67818,66.552,40.4634,2.38071e+06
22.1,638.849,565975,3.52858,0.0304647,996492,2074.55,433994,9916.19,276676,2.36349,8337.11,8715.42,2.68001,66.9188,40.3829,2.37555e+06
22.2,593.952,565975,3.52716,0.0284759,996476,2079.64,433994,9981.05,276291,2.35848,8333.34,8771.97,2.68178,67.2826,40.3016,2.37034e+06
22.3,551.819,565975,3.52564,0.026597,996460,2084.69,433994,10045.6,275929,2.35367,8330.01,8828.57,2.6835,67.6435,40.2195,2.3651e+06
22.4,512.302,565975,3.52401,0.0248239,996443,2089.71,433994,10109.9,275589,2.34903,8327.13,8885.24,2.68516,68.0016,40.1368,2.35981e+06
22.5,475.261,565975,3.52227,0.023152,996427,2094.69,433994,10173.9,275270,2.34456,8324.71,8941.97,2.68678,68.357,40.0534,2.35449e+06
22.6,440.618,565975,3.5204,0.0215773,996410,2099.64,433994,10237.5,274972,2.34024,8322.71,8998.76,2.68834,68.7096,39.9694,2.34914e+06
22.7,408.226,565975,3.51841,0.0200953,996394,2104.54,433994,10300.9,274693,2.33605,8321.16,9055.63,2.68985,69.0596,39.8848,2.34376e+06
22.8,377.946,565975,3.51628,0.0187015,996377,2109.42,433994,10363.8,274432,2.33199,8320.05,9112.56,2.69132,69.407,39.7996,2.33834e+06
22.9,349.648,565975,3.51401,0.0173915,996361,2114.25,433994,10426.5,274188,2.32803,8319.39,9169.57,2.69275,69.7519,39.714,2.33291e+06
23,323.292,565975,3.51159,0.0161627,996345,2119.05,433994,10488.7,273960,2.32416,8319.15,9226.66,2.69413,70.0944,39.6278,2.32744e+06
23.1,298.733,565975,3.50902,0.0150104,996328,2123.81,433994,10550.6,273747,2.32038,8319.34,9283.82,2.69547,70.4344,39.5412,2.32196e+06
23.2,275.845,565975,3.50628,0.0139302,996312,2128.53,433994,10612.2,273548,2.31667,8319.95,9341.07,2.69676,70.7721,39.4541,2.31645e+06
23.3,254.513,565975,3.50337,0.0129181,996296,2133.21,433994,10673.3,273363,2.31301,8320.99,9398.4,2.69802,71.1076,39.3666,2.31093e+06
23.4,234.671,565975,3.50026,0.0119723,996279,2137.85,433994,10734.1,273189,2.30938,8322.44,9455.81,2.69924,71.4408,39.2787,2.30539e+06
23.5,216.206,565975,3.49696,0.0110889,996263,2142.45,433994,10794.4,273027,2.30578,8324.29,9513.31,2.70041,71.7719,39.1905,2.29984e+06
23.6,199.043,565975,3.49342,0.0102632,996247,2147.01,433994,10854.3,272876,2.3022,8326.53,9570.89,2.70155,72.1009,39.1019,2.29427e+06
23.7,183.122,565975,3.48965,0.00949018,996230,2151.52,433994,10913.8,272736,2.2986,8329.16,9628.56,2.70265,72.4278,39.0129,2.2887e+06
23.8,168.351,565975,3.48562,0.00876631,996214,2155.99,433994,10972.9,272606,2.29499,8332.16,9686.31,2.70371,72.7528,38.9236,2.28311e+06
23.9,154.678,565975,3.48132,0.00809262,996198,2160.42,433994,11031.5,272484,2.29134,8335.53,9744.16,2.70473,73.0757,38.834,2.27752e+06
24,142.022,565975,3.47673,0.00746503,996182,2164.81,433994,11089.7,272372,2.28764,8339.25,9802.09,2.70571,73.3968,38.7441,2.27192e+06
24.1,130.32,565975,3.47184,0.00688193,996165,2169.14,433994,11147.4,272268,2.28387,8343.32,9860.12,2.70665,73.716,38.6539,2.26631e+06
24.2,119.508,565975,3.46665,0.00634164,996149,2173.43,433994,11204.6,272172,2.28003,8347.72,9918.23,2.70755,74.0335,38.5634,2.2607e+06
24.3,109.519,565975,3.46113,0.0058414,996133,2177.67,433994,11261.3,272083,2.27609,8352.45,9976.43,2.70842,74.3491,38.4726,2.25509e+06
24.4,100.311,565975,3.4553,0.00537665,996117,2181.86,433994,11317.6,272000,2.27205,8357.5,10034.7,2.70924,74.6631,38.3816,2.24947e+06
24.5,91.8158,565976,3.44914,0.0049452,996101,2186,433994,11373.4,271924,2.26789,8362.85,10093.1,2.71002,74.9753,38.2904,2.24386e+06
24.6,83.9924,565976,3.44266,0.0045452,996085,2190.09,433994,11428.6,271853,2.2636,8368.49,10151.6,2.71076,75.286,38.1989,2.23824e+06
24.7,76.7898,565976,3.43587,0.0041743,996069,2194.12,433994,11483.3,271788,2.25919,8374.41,10210.1,2.71146,75.595,38.1073,2.23263e+06
24.8,70.1591,565976,3.42876,0.00383049,996053,2198.1,433994,11537.5,271728,2.25463,8380.6,10268.8,2.71211,75.9025,38.0154,2.22702e+06
24.9,64.0683,565976,3.42137,0.00351338,996037,2202.02,433994,11591.2,271672,2.24993,8387.05,10327.5,2.71272,76.2085,37.9234,2.22141e+06
25,58.4663,565976,3.41368,0.00322063,996021,2205.89,433995,11644.3,271621,2.24508,8393.74,10386.4,2.71328,76.513,37.8313,2.21581e+06
25.1,53.3249,565976,3.40576,0.00295064,996005,2209.69,433995,11696.9,271573,2.24009,8400.67,10445.3,2.71379,76.8161,37.7391,2.21021e+06
25.2,48.6051,565976,3.39761,0.00270174,995989,2213.44,433995,11749,271530,2.23497,8407.82,10504.3,2.71426,77.1177,37.6468,2.20462e+06
25.3,44.271,565976,3.38927,0.00247227,995973,2217.13,433995,11800.4,271489,2.2297,8415.18,10563.4,2.71468,77.418,37.5544,2.19903e+06
25.4,40.3006,565976,3.38078,0.00226031,995958,2220.76,433995,11851.3,271452,2.22433,8422.74,10622.5,2.71505,77.7169,37.462,2.19345e+06
25.5,36.6637,565976,3.37218,0.00206418,995942,2224.33,433995,11901.7,271418,2.21884,8430.49,10681.8,2.71538,78.0145,37.3697,2.18788e+06
25.6,33.3356,565976,3.36353,0.00188216,995926,2227.84,433995,11951.5,271386,2.21326,8438.41,10741.1,2.71565,78.3108,37.2774,2.18232e+06
25.7,30.2908,565976,3.35487,0.00171476,995911,2231.29,433995,12000.7,271357,2.20761,8446.49,10800.5,2.71587,78.6059,37.1853,2.17676e+06
25.8,27.509,565976,3.34625,0.00156056,995895,2234.68,433995,12049.4,271330,2.20191,8454.73,10860,2.71604,78.8996,37.0933,2.17121e+06
25.9,24.9708,565976,3.33775,0.00141893,995880,2238.01,433995,12097.5,271306,2.19619,8463.11,10919.6,2.71616,79.1922,37.0014,2.16568e+06
26,22.6546,565976,3.32939,0.00128875,995864,2241.28,433995,12145,271283,2.19048,8471.63,10979.3,2.71623,79.4836,36.9099,2.16015e+06
26.1,20.5448,565976,3.32125,0.00116968,995849,2244.5,433995,12192,271262,2.18479,8480.26,11039,2.71625,79.7738,36.8186,2.15463e+06
26.2,18.6256,565976,3.31337,0.00106108,995833,2247.66,433995,12238.5,271243,2.17918,8489.01,11098.8,2.71622,80.0628,36.7276,2.14912e+06
26.3,16.8794,565976,3.30576,0.000960822,995818,2250.76,433995,12284.5,271226,2.17365,8497.86,11158.7,2.71614,80.3507,36.6369,2.14363e+06
26.4,15.2935,565976,3.2985,0.000868368,995802,2253.82,433995,12329.9,271210,2.16824,8506.8,11218.7,2.71601,80.6375,36.5467,2.13814e+06
26.5,13.855,565976,3.29158,0.000782837,995787,2256.82,433995,12374.8,271195,2.16298,8515.82,11278.7,2.71584,80.9232,36.4568,2.13267e+06
26.6,12.55,565976,3.285,0.000704298,995772,2259.78,433995,12419.3,271182,2.15788,8524.93,11338.8,2.71563,81.2077,36.3673,2.12721e+06
26.7,11.3679,565976,3.27875,0.000631829,995756,2262.69,433995,12463.2,271170,2.15296,8534.1,11399,2.71537,81.4912,36.2782,2.12176e+06
26.8,10.298,565976,3.2728,0.000565297,995741,2265.55,433995,12506.7,271158,2.14823,8543.33,11459.2,2.71507,81.7737,36.1894,2.11632e+06
26.9,9.32926,565976,3.26707,0.000505711,995726,2268.37,433996,12549.7,271148,2.14367,8552.62,11519.5,2.71474,82.0551,36.101,2.11089e+06
27,8.45306,565976,3.26148,0.00045309,995711,2271.15,433996,12592.3,271139,2.13929,8561.96,11579.9,2.71437,82.3354,36.0128,2.10548e+06
27.1,7.66053,565976,3.25594,0.000407381,995696,2273.89,433996,12634.4,271130,2.13508,8571.33,11640.3,2.71396,82.6148,35.9249,2.10008e+06
27.2,6.94268,565976,3.25026,0.000367423,995680,2276.58,433996,12676.1,271122,2.13096,8580.75,11700.8,2.71352,82.8931,35.837,2.09469e+06
27.3,6.29241,565976,3.24431,0.000333691,995665,2279.24,433996,12717.3,271115,2.12691,8590.19,11761.4,2.71305,83.1704,35.7492,2.08931e+06
27.4,5.70237,565976,3.23787,0.000305459,995650,2281.85,433996,12758,271108,2.12286,8599.66,11822,2.71254,83.4468,35.6613,2.08395e+06
27.5,5.16522,565976,3.2307,0.000281195,995635,2284.41,433996,12798.3,271102,2.11872,8609.14,11882.7,2.71201,83.7221,35.5731,2.0786e+06
27.6,4.67505,565976,3.22256,0.000260315,995620,2286.92,433996,12838.1,271096,2.11439,8618.63,11943.5,2.71144,83.9965,35.4845,2.07327e+06
27.7,4.22581,565976,3.21318,0.000242938,995605,2289.38,433996,12877.4,271091,2.10976,8628.13,12004.3,2.71083,84.2699,35.3953,2.06795e+06
27.8,3.81163,565976,3.20229,0.000229993,995590,2291.78,433996,12916.1,271086,2.1047,8637.62,12065.2,2.71019,84.5423,35.3053,2.06264e+06
27.9,3.42762,565976,3.18955,0.000220905,995575,2294.11,433996,12954.2,271081,2.09907,8647.11,12126.1,2.70951,84.8138,35.2143,2.05735e+06
28,3.06908,565976,3.17472,0.000216288,995561,2296.36,433996,12991.7,271077,2.09271,8656.57,12187.1,2.70877,85.0844,35.1221,2.05207e+06
28.1,2.73168,565976,3.15754,0.000217053,995546,2298.52,433996,13028.5,271073,2.08547,8666,12248.1,2.70799,85.354,35.0287,2.04681e+06
28.2,2.41164,565976,3.13767,0.00022388,995531,2300.59,433996,13064.6,271069,2.07717,8675.4,12309.2,2.70714,85.6226,34.9337,2.04156e+06
28.3,2.10592,565976,3.115,0.000234806,995517,2302.55,433996,13099.8,271066,2.06766,8684.74,12370.4,2.70623,85.8903,34.8371,2.03632e+06
28.4,1.81196,565976,3.08939,0.000247827,995502,2304.38,433997,13134.2,271062,2.05682,8694.01,12431.5,2.70523,86.1571,34.7388,2.0311e+06
28.5,1.52745,565976,3.06064,0.000262501,995488,2306.08,433997,13167.6,271059,2.04445,8703.2,12492.8,2.70414,86.4229,34.6387,2.0259e+06
28.6,1.2515,565976,3.02888,0.000276393,995474,2307.63,433997,13200.1,271056,2.0305,8712.3,12554,2.70294,86.6878,34.5368,2.02071e+06
28.7,0.983582,565976,2.99423,0.000286924,995460,2309.01,433997,13231.4,271053,2.01489,8721.28,12615.3,2.70162,86.9517,34.4333,2.01553e+06
28.8,0.723444,565976,2.95677,0.00029143,995446,2310.22,433998,13261.6,271051,1.9975,8730.13,12676.6,2.70017,87.2147,34.3282,2.01038e+06
28.9,0.472101,565976,2.91707,0.000292053,995432,2311.25,433998,13290.7,271048,1.97846,8738.83,12738,2.69858,87.4768,34.2217,2.00523e+06
29,0.230991,565976,2.8756,0.000288482,995419,2312.08,433998,13318.4,271046,1.95781,8747.35,12799.3,2.69682,87.7378,34.1143,2.0001e+06
29.1,0.00213681,565976,2.83291,0.000279748,995406,2312.7,433998,13344.9,271044,1.9356,8755.69,12860.7,2.69489,87.9979,34.0063,1.99498e+06
29.2,-0.0482129,565976,2.81435,-0.00256828,995393,2313.17,433999,13370.4,271042,1.91335,8763.81,12922.1,2.69278,88.257,33.9135,1.98987e+06
29.3,-0.0482066,565976,2.80312,-0.0192145,995379,2313.57,433999,13395.2,271040,1.89423,8771.71,12983.5,2.69049,88.515,33.8261,1.98477e+06
29.4,-0.0482085,565976,2.79193,-0.0198783,995366,2313.92,433999,13419.6,271039,1.87773,8779.39,13044.9,2.68808,88.7721,33.7388,1.97968e+06
29.5,-0.0482083,565976,2.78078,-0.0197846,995354,2314.21,433999,13443.5,271039,1.86326,8786.86,13106.2,2.68554,89.0281,33.6518,1.97461e+06
29.6,-0.0482082,565976,2.76968,-0.0197491,995341,2314.45,433999,13467,271038,1.85034,8794.11,13167.6,2.68291,89.2831,33.565,1.96954e+06
29.7,-0.0482081,565976,2.75863,-0.0197373,995328,2314.64,433999,13489.9,271038,1.83865,8801.14,13229,2.68019,89.537,33.4784,1.96449e+06
29.8,-0.0482081,565976,2.74761,-0.0197316,995315,2314.77,433999,13512.3,271037,1.82795,8807.96,13290.4,2.67739,89.7898,33.392,1.95946e+06
29.9,-0.0482081,565976,2.73664,-0.0197284,995302,2314.85,433999,13534.3,271037,1.81801,8814.57,13351.8,2.67452,90.0415,33.3059,1.95444e+06
30,-0.0482081,565976,2.72572,-0.0197273,995290,2314.88,433999,13555.8,271037,1.80873,8820.96,13413.2,2.67159,90.2921,33.22,1.94943e+06
30.1,-0.0482081,565976,2.71484,-0.0197268,995277,2314.86,433999,13576.9,271037,1.79996,8827.13,13474.5,2.6686,90.5416,33.1344,1.94444e+06
30.2,-0.0482081,565976,2.704,-0.0197267,995264,2314.79,433999,13597.5,271037,1.79155,8833.1,13535.9,2.66556,90.7899,33.049,1.93946e+06
30.3,-0.0482081,565976,2.69321,-0.0197267,995252,2314.67,433999,13617.6,271037,1.78349,8838.85,13597.3,2.66246,91.0371,32.9638,1.93449e+06
30.4,-0.0482081,565976,2.68245,-0.0197268,995239,2314.49,433999,13637.2,271037,1.77568,8844.39,13658.6,2.65932,91.2831,32.8788,1.92954e+06
30.5,-0.0482081,565976,2.67175,-0.019727,995227,2314.27,433999,13656.5,271037,1.76808,8849.72,13719.9,2.65613,91.528,32.7941,1.9246e+06
30.6,-0.0482081,565976,2.66108,-0.0197272,995215,2314,434000,13675.2,271037,1.76065,8854.84,13781.3,2.65289,91.7717,32.7096,1.91968e+06
30.7,-0.0482081,565976,2.65046,-0.0197275,995202,2313.68,434000,13693.5,271037,1.75339,8859.75,13842.6,2.64962,92.0141,32.6253,1.91477e+06
30.8,-0.0482081,565976,2.63988,-0.0197278,995190,2313.32,434000,13711.4,271037,1.7462,8864.45,13903.8,2.6463,92.2554,32.5412,1.90987e+06
30.9,-0.0482081,565976,2.62934,-0.019728,995178,2312.9,434000,13728.9,271037,1.73905,8868.95,13965.1,2.64295,92.4954,32.4574,1.90499e+06
31,-0.0482081,565976,2.61884,-0.0197282,995166,2312.44,434000,13745.9,271037,1.73201,8873.23,14026.4,2.63956,92.7343,32.3738,1.90011e+06
31.1,-0.0482081,565976,2.60839,-0.0197285,995153,2311.94,434000,13762.5,271037,1.72504,8877.31,14087.6,2.63612,92.9718,32.2904,1.89526e+06
31.2,-0.0482081,565976,2.59797,-0.0197286,995141,2311.38,434000,13778.6,271038,1.71808,8881.19,14148.8,2.63266,93.2081,32.2072,1.89041e+06
31.3,-0.0482081,565976,2.5876,-0.0197287,995129,2310.78,434000,13794.4,271038,1.71112,8884.86,14210,2.62916,93.4431,32.1243,1.88558e+06
31.4,-0.0482081,565976,2.57727,-0.0197288,995117,2310.14,434000,13809.7,271038,1.70425,8888.33,14271.2,2.62562,93.6769,32.0416,1.88076e+06
31.5,-0.0482081,565976,2.56698,-0.0197289,995105,2309.45,434000,13824.6,271038,1.6974,8891.6,14332.3,2.62205,93.9093,31.9591,1.87596e+06
31.6,-0.0482081,565976,2.55674,-0.0197289,995094,2308.72,434000,13839.1,271039,1.69057,8894.67,14393.4,2.61844,94.1405,31.8768,1.87117e+06
31.7,-0.0482081,565976,2.54653,-0.0197289,995082,2307.94,434000,13853.2,271039,1.68375,8897.53,14454.5,2.6148,94.3703,31.7948,1.86639e+06
31.8,-0.0482081,565976,2.53637,-0.0197289,995070,2307.12,434000,13866.9,271039,1.67699,8900.2,14515.6,2.61113,94.5988,31.713,1.86162e+06
31.9,-0.0482081,565976,2.52624,-0.019729,995058,2306.26,434000,13880.2,271040,1.67025,8902.67,14576.6,2.60742,94.826,31.6314,1.85687e+06
32,-0.0482081,565976,2.51616,-0.019729,995047,2305.35,434000,13893.1,271040,1.66355,8904.94,14637.6,2.60369,95.0518,31.55,1.85213e+06
32.1,-0.0482081,565976,2.50611,-0.019729,995035,2304.41,434001,13905.7,271040,1.65687,8907.03,14698.6,2.59992,95.2761,31.4688,1.84741e+06
32.2,-0.0482081,565976,2.4961,-0.019729,995023,2303.42,434001,13917.8,271041,1.65023,8908.93,14759.5,2.59613,95.4991,31.3878,1.84269e+06
32.3,-0.0482081,565976,2.48614,-0.019729,995012,2302.4,434001,13929.6,271041,1.64362,8910.65,14820.4,2.5923,95.7206,31.3071,1.83799e+06
32.4,-0.0482081,565976,2.47621,-0.019729,995000,2301.33,434001,13941.1,271042,1.63703,8912.16,14881.2,2.58845,95.9408,31.2266,1.8333e+06
32.5,-0.0482081,565976,2.46632,-0.019729,994989,2300.23,434001,13952.1,271042,1.63048,8913.49,14942.1,2.58456,96.1596,31.1463,1.82863e+06
32.6,-0.0482081,565976,2.45647,-0.019729,994977,2299.08,434001,13962.7,271042,1.62396,8914.63,15002.8,2.58065,96.377,31.0662,1.82397e+06
32.7,-0.0482081,565976,2.44667,-0.019729,994966,2297.89,434001,13973,271043,1.61746,8915.57,15063.6,2.5767,96.593,30.9863,1.81932e+06
32.8,-0.0482081,565976,2.4369,-0.019729,994955,2296.66,434001,13982.9,271043,1.611,8916.32,15124.3,2.57273,96.8077,30.9067,1.81468e+06
32.9,-0.0482081,565976,2.42717,-0.019729,994943,2295.4,434001,13992.4,271044,1.60456,8916.89,15185,2.56872,97.0208,30.8272,1.81006e+06
33,-0.0482081,565976,2.41747,-0.019729,994932,2294.1,434001,14001.7,271045,1.59815,8917.3,15245.6,2.5647,97.2324,30.748,1.80545e+06
33.1,-0.0482081,565976,2.40782,-0.019729,994921,2292.76,434001,14010.5,271045,1.59176,8917.53,15306.1,2.56065,97.4426,30.669,1.80085e+06
33.2,-0.0482081,565976,2.3982,-0.019729,994910,2291.39,434001,14019.1,271046,1.5854,8917.57,15366.7,2.55657,97.6513,30.5902,1.79626e+06
33.3,-0.0482081,565976,2.38863,-0.019729,994899,2289.97,434001,14027.2,271046,1.57907,8917.42,15427.1,2.55246,97.8586,30.5116,1.79169e+06
33.4,-0.0482081,565976,2.37909,-0.019729,994888,2288.52,434001,14035,271047,1.57276,8917.1,15487.6,2.54833,98.0644,30.4332,1.78713e+06
33.5,-0.0482081,565976,2.36959,-0.019729,994877,2287.03,434001,14042.4,271048,1.56648,8916.59,15548,2.54417,98.2688,30.355,1.78258e+06
33.6,-0.0482081,565976,2.36013,-0.019729,994866,2285.5,434002,14049.5,271048,1.56023,8915.89,15608.3,2.53998,98.4718,30.2771,1.77804e+06
33.7,-0.0482081,565976,2.3507,-0.019729,994855,2283.94,434002,14056.2,271049,1.55401,8915.02,15668.7,2.53576,98.6732,30.1993,1.77352e+06
33.8,-0.0482081,565976,2.34132,-0.019729,994844,2282.35,434002,14062.7,271050,1.54781,8914,15728.9,2.53153,98.8731,30.1218,1.76901e+06
33.9,-0.0482081,565976,2.33196,-0.019729,994833,2280.72,434002,14068.8,271050,1.54163,8912.81,15789.1,2.52728,99.0714,30.0445,1.76451e+06
34,-0.0482081,565976,2.32265,-0.019729,994822,2279.06,434002,14074.6,271051,1.53547,8911.45,15849.2,2.523,99.2682,29.9673,1.76002e+06
34.1,-0.0482081,565976,2.31338,-0.019729,994812,2277.36,434002,14080.1,271052,1.52934,8909.91,15909.3,2.51869,99.4635,29.8904,1.75555e+06
34.2,-0.0482081,565976,2.30414,-0.019729,994801,2275.63,434002,14085.2,271052,1.52324,8908.2,15969.4,2.51437,99.6574,29.8137,1.75109e+06
34.3,-0.0482081,565976,2.29494,-0.019729,994790,2273.86,434002,14090,271053,1.51716,8906.32,16029.4,2.51001,99.8497,29.7372,1.74664e+06
34.4,-0.0482081,565976,2.28577,-0.019729,994780,2272.06,434002,14094.4,271054,1.51111,8904.26,16089.3,2.50564,100.041,29.6609,1.7422e+06
34.5,-0.0482081,565976,2.27665,-0.019729,994769,2270.22,434002,14098.5,271055,1.50509,8902.03,16149.2,2.50123,100.23,29.5849,1.73778e+06
34.6,-0.0482081,565976,2.26755,-0.019729,994759,2268.36,434002,14102.4,271056,1.49908,8899.68,16209,2.49682,100.417,29.509,1.73336e+06
34.7,-0.0482081,565976,2.2585,-0.019729,994748,2266.47,434002,14106,271056,1.49309,8897.17,16268.8,2.49239,100.604,29.4333,1.72896e+06
34.8,-0.0482081,565976,2.24947,-0.019729,994738,2264.54,434002,14109.3,271057,1.48714,8894.5,16328.5,2.48794,100.788,29.3578,1.72457e+06
34.9,-0.0482081,565976,2.24049,-0.019729,994727,2262.59,434002,14112.3,271058,1.4812,8891.67,16388.1,2.48347,100.971,29.2825,1.7202e+06
35,-0.0482081,565976,2.23154,-0.019729,994717,2260.6,434002,14115,271059,1.47529,8888.69,16447.7,2.47898,101.152,29.2075,1.71583e+06
35.1,-0.0482081,565976,2.22262,-0.019729,994707,2258.59,434002,14117.4,271060,1.4694,8885.54,16507.2,2.47446,101.332,29.1326,1.71148e+06
35.2,-0.0482081,565976,2.21374,-0.019729,994696,2256.54,434003,14119.5,271061,1.46354,8882.24,16566.6,2.46993,101.51,29.0579,1.70714e+06
35.3,-0.0482081,565976,2.2049,-0.019729,994686,2254.46,434003,14121.3,271062,1.45769,8878.79,16626,2.46538,101.687,28.9835,1.70281e+06
35.4,-0.0482081,565976,2.19609,-0.019729,994676,2252.35,434003,14122.8,271062,1.45188,8875.17,16685.4,2.46081,101.862,28.9092,1.69849e+06
35.5,-0.0482081,565976,2.18732,-0.019729,994666,2250.22,434003,14124,271063,1.44608,8871.4,16744.6,2.45622,102.036,28.8351,1.69418e+06
35.6,-0.0482081,565976,2.17858,-0.019729,994656,2248.05,434003,14124.9,271064,1.44031,8867.48,16803.8,2.4516,102.208,28.7613,1.68989e+06
35.7,-0.0482081,565976,2.16988,-0.019729,994646,2245.85,434003,14125.5,271065,1.43457,8863.4,16863,2.44697,102.378,28.6876,1.68561e+06
35.8,-0.0482081,565976,2.16122,-0.019729,994636,2243.62,434003,14125.9,271066,1.42884,8859.17,16922.1,2.44233,102.547,28.6142,1.68134e+06
35.9,-0.0482081,565976,2.15259,-0.019729,994626,2241.36,434003,14125.9,271067,1.42314,8854.78,16981.1,2.43766,102.714,28.5409,1.67708e+06
36,-0.0482081,565976,2.14399,-0.019729,994616,2239.07,434003,14125.6,271068,1.41746,8850.24,17040,2.43297,102.88,28.4679,1.67283e+06
36.1,-0.0482081,565976,2.13543,-0.019729,994606,2236.75,434003,14125.1,271069,1.41181,8845.54,17098.9,2.42826,103.044,28.395,1.6686e+06
36.2,-0.0482081,565976,2.1269,-0.019729,994596,2234.41,434003,14124.3,271070,1.40618,8840.75,17157.7,2.42355,103.206,28.3224,1.66438e+06
36.3,-0.0482081,565976,2.11841,-0.019729,994586,2232.04,434003,14123.3,271071,1.40057,8835.81,17216.5,2.41882,103.367,28.2499,1.66017e+06
36.4,-0.0482081,565976,2.10995,-0.019729,994576,2229.65,434003,14122.1,271072,1.39498,8830.73,17275.1,2.41408,103.526,28.1776,1.65596e+06
36.5,-0.0482081,565976,2.10152,-0.019729,994567,2227.23,434003,14120.5,271073,1.38941,8825.51,17333.7,2.40932,103.683,28.1055,1.65178e+06
36.6,-0.0482081,565976,2.09313,-0.019729,994557,2224.79,434003,14118.7,271075,1.38387,8820.15,17392.3,2.40454,103.839,28.0337,1.6476e+06
36.7,-0.0482081,565976,2.08477,-0.019729,994547,2222.31,434003,14116.7,271076,1.37835,8814.65,17450.7,2.39975,103.994,27.962,1.64343e+06
36.8,-0.0482081,565976,2.07644,-0.019729,994538,2219.82,434003,14114.4,271077,1.37285,8809.02,17509.1,2.39494,104.146,27.8905,1.63928e+06
36.9,-0.0482081,565976,2.06815,-0.019729,994528,2217.29,434003,14111.8,271078,1.36737,8803.25,17567.4,2.39012,104.297,27.8192,1.63514e+06
37,-0.0482081,565976,2.05989,-0.019729,994519,2214.74,434004,14109,271079,1.36192,8797.34,17625.6,2.38529,104.447,27.7481,1.63101e+06
37.1,-0.0482081,565976,2.05166,-0.019729,994509,2212.17,434004,14105.9,271080,1.35648,8791.3,17683.8,2.38044,104.594,27.6772,1.62689e+06
37.2,-0.0482081,565976,2.04347,-0.019729,994500,2209.57,434004,14102.5,271081,1.35107,8785.12,17741.9,2.37557,104.741,27.6065,1.62278e+06
37.3,-0.0482081,565976,2.03531,-0.019729,994490,2206.95,434004,14099,271082,1.34568,8778.81,17799.9,2.3707,104.885,27.536,1.61868e+06
37.4,-0.0482081,565976,2.02719,-0.019729,994481,2204.3,434004,14095.1,271084,1.34031,8772.38,17857.8,2.36581,105.028,27.4657,1.61459e+06
37.5,-0.0482081,565976,2.01909,-0.019729,994472,2201.62,434004,14091.1,271085,1.33497,8765.81,17915.7,2.3609,105.169,27.3955,1.61052e+06
37.6,-0.0482081,565976,2.01103,-0.019729,994462,2198.93,434004,14086.8,271086,1.32964,8759.11,17973.5,2.35599,105.309,27.3256,1.60646e+06
37.7,-0.0482081,565976,2.003,-0.019729,994453,2196.21,434004,14082.2,271087,1.32434,8752.28,18031.2,2.35106,105.447,27.2558,1.6024e+06
37.8,-0.0482081,565976,1.99501,-0.019729,994444,2193.47,434004,14077.5,271088,1.31906,8745.35,18088.8,2.34612,105.583,27.1863,1.59836e+06
37.9,-0.0482081,565976,1.98704,-0.019729,994435,2190.7,434004,14072.5,271090,1.3138,8738.29,18146.4,2.34117,105.718,27.1169,1.59433e+06
38,-0.0482081,565976,1.97911,-0.019729,994425,2187.92,434004,14067.3,271091,1.30856,8731.11,18203.8,2.3362,105.851,27.0477,1.59031e+06
38.1,-0.0482081,565976,1.9712,-0.019729,994416,2185.11,434004,14061.8,271092,1.30334,8723.81,18261.2,2.33123,105.982,26.9787,1.58631e+06
38.2,-0.0482081,565976,1.96333,-0.019729,994407,2182.28,434004,14056.2,271093,1.29814,8716.4,18318.5,2.32625,106.112,26.9099,1.58231e+06
38.3,-0.0482081,565976,1.9555,-0.019729,994398,2179.43,434004,14050.3,271095,1.29296,8708.86,18375.7,2.32125,106.24,26.8413,1.57832e+06
38.4,-0.0482081,565976,1.94769,-0.019729,994389,2176.56,434004,14044.2,271096,1.28781,8701.21,18432.9,2.31625,106.367,26.7728,1.57435e+06
38.5,-0.0482081,565976,1.93991,-0.019729,994380,2173.66,434004,14037.9,271097,1.28267,8693.44,18489.9,2.31123,106.492,26.7046,1.57039e+06
38.6,-0.0482081,565976,1.93217,-0.019729,994371,2170.75,434004,14031.4,271098,1.27756,8685.56,18546.9,2.30621,106.615,26.6365,1.56643e+06
38.7,-0.0482081,565976,1.92445,-0.019729,994362,2167.81,434004,14024.6,271100,1.27246,8677.57,18603.8,2.30117,106.736,26.5687,1.56249e+06
38.8,-0.0482081,565976,1.91677,-0.019729,994353,2164.86,434004,14017.7,271101,1.26739,8669.47,18660.5,2.29613,106.856,26.501,1.55856e+06
38.9,-0.0482081,565976,1.90912,-0.019729,994345,2161.89,434005,14010.5,271102,1.26233,8661.25,18717.3,2.29108,106.974,26.4335,1.55464e+06
39,-0.0482081,565976,1.9015,-0.019729,994336,2158.89,434005,14003.2,271104,1.2573,8652.93,18773.9,2.28602,107.091,26.3661,1.55073e+06
39.1,-0.0482081,565976,1.89391,-0.019729,994327,2155.88,434005,13995.6,271105,1.25229,8644.5,18830.4,2.28095,107.206,26.299,1.54683e+06
39.2,-0.0482081,565976,1.88635,-0.019729,994318,2152.85,434005,13987.9,271106,1.24729,8635.96,18886.9,2.27588,107.319,26.232,1.54294e+06
39.3,-0.0482081,565976,1.87882,-0.019729,994310,2149.8,434005,13979.9,271108,1.24232,8627.32,18943.2,2.27079,107.431,26.1653,1.53906e+06
39.4,-0.0482081,565976,1.87132,-0.019729,994301,2146.73,434005,13971.7,271109,1.23737,8618.57,18999.5,2.2657,107.541,26.0987,1.5352e+06
39.5,-0.0482081,565976,1.86385,-0.019729,994292,2143.64,434005,13963.4,271110,1.23243,8609.71,19055.7,2.2606,107.649,26.0323,1.53134e+06
39.6,-0.0482081,565976,1.85641,-0.019729,994284,2140.54,434005,13954.8,271112,1.22752,8600.76,19111.8,2.25549,107.756,25.966,1.5275e+06
39.7,-0.0482081,565976,1.849,-0.019729,994275,2137.41,434005,13946.1,271113,1.22263,8591.71,19167.8,2.25037,107.861,25.9,1.52366e+06
39.8,-0.0482081,565976,1.84161,-0.019729,994267,2134.27,434005,13937.2,271115,1.21775,8582.55,19223.7,2.24525,107.965,25.8341,1.51984e+06
39.9,-0.0482081,565976,1.83426,-0.019729,994258,2131.11,434005,13928.1,271116,1.2129,8573.3,19279.5,2.24012,108.066,25.7684,1.51602e+06
40,-0.0482081,565976,1.82694,-0.019729,994250,2127.94,434005,13918.8,271117,1.20806,8563.95,19335.2,2.23499,108.167,25.7029,1.51222e+06
40.1,-0.0482081,565976,1.81965,-0.019729,994242,2124.75,434005,13909.3,271119,1.20325,8554.5,19390.9,2.22985,108.265,25.6376,1.50843e+06
40.2,-0.0482081,565976,1.81239,-0.019729,994233,2121.54,434005,13899.7,271120,1.19845,8544.96,19446.4,2.2247,108.362,25.5724,1.50464e+06
40.3,-0.0482081,565976,1.80515,-0.019729,994225,2118.31,434005,13889.9,271122,1.19367,8535.33,19501.9,2.21955,108.457,25.5074,1.50087e+06
40.4,-0.0482081,565976,1.79794,-0.019729,994217,2115.07,434005,13879.9,271123,1.18891,8525.61,19557.2,2.21439,108.551,25.4426,1.49711e+06
40.5,-0.0482081,565976,1.79077,-0.019729,994208,2111.82,434005,13869.7,271125,1.18417,8515.79,19612.5,2.20923,108.643,25.378,1.49336e+06
40.6,-0.0482081,565976,1.78362,-0.019729,994200,2108.55,434005,13859.3,271126,1.17945,8505.88,19667.7,2.20406,108.733,25.3136,1.48962e+06
40.7,-0.0482081,565976,1.7765,-0.019729,994192,2105.26,434005,13848.8,271128,1.17475,8495.89,19722.7,2.19889,108.822,25.2493,1.48588e+06
40.8,-0.0482081,565976,1.76941,-0.019729,994184,2101.96,434005,13838.2,271129,1.17007,8485.81,19777.7,2.19372,108.909,25.1852,1.48216e+06
40.9,-0.0482081,565976,1.76234,-0.019729,994176,2098.64,434006,13827.3,271131,1.1654,8475.64,19832.6,2.18854,108.995,25.1213,1.47845e+06
41,-0.0482081,565976,1.75531,-0.019729,994168,2095.31,434006,13816.3,271132,1.16076,8465.38,19887.4,2.18335,109.079,25.0575,1.47475e+06
41.1,-0.0482081,565976,1.7483,-0.019729,994159,2091.96,434006,13805.1,271134,1.15613,8455.03,19942.1,2.17816,109.161,24.994,1.47106e+06
41.2,-0.0482081,565976,1.74133,-0.019729,994151,2088.6,434006,13793.8,271135,1.15152,8444.59,19996.7,2.17297,109.242,24.9306,1.46738e+06
41.3,-0.0482081,565976,1.73437,-0.019729,994143,2085.22,434006,13782.3,271137,1.14693,8434.08,20051.2,2.16777,109.321,24.8673,1.46371e+06
41.4,-0.0482081,565976,1.72745,-0.019729,994135,2081.84,434006,13770.6,271138,1.14236,8423.48,20105.6,2.16257,109.398,24.8043,1.46005e+06
41.5,-0.0482081,565976,1.72056,-0.019729,994128,2078.43,434006,13758.8,271140,1.13781,8412.8,20159.9,2.15736,109.474,24.7414,1.4564e+06
41.6,-0.0482081,565976,1.71369,-0.019729,994120,2075.02,434006,13746.9,271141,1.13327,8402.04,20214.1,2.15216,109.548,24.6787,1.45276e+06
41.7,-0.0482081,565976,1.70685,-0.019729,994112,2071.59,434006,13734.8,271143,1.12875,8391.2,20268.2,2.14695,109.621,24.6161,1.44913e+06
41.8,-0.0482081,565976,1.70004,-0.019729,994104,2068.14,434006,13722.5,271144,1.12425,8380.29,20322.2,2.14173,109.692,24.5538,1.44551e+06
41.9,-0.0482081,565976,1.69325,-0.019729,994096,2064.69,434006,13710.1,271146,1.11977,8369.29,20376.1,2.13652,109.762,24.4916,1.4419e+06
42,-0.0482081,565976,1.68649,-0.019729,994088,2061.22,434006,13697.5,271147,1.11531,8358.22,20429.9,2.1313,109.83,24.4295,1.4383e+06
42.1,-0.0482081,565976,1.67976,-0.019729,994081,2057.74,434006,13684.8,271149,1.11086,8347.08,20483.6,2.12608,109.896,24.3677,1.43471e+06
42.2,-0.0482081,565976,1.67305,-0.019729,994073,2054.25,434006,13672,271150,1.10644,8335.87,20537.2,2.12086,109.961,24.306,1.43113e+06
42.3,-0.0482081,565976,1.66638,-0.019729,994065,2050.75,434006,13659,271152,1.10203,8324.58,20590.8,2.11564,110.024,24.2445,1.42756e+06
42.4,-0.0482081,565976,1.65972,-0.019729,994058,2047.23,434006,13645.9,271154,1.09763,8313.22,20644.2,2.11041,110.085,24.1831,1.424e+06
42.5,-0.0482081,565976,1.6531,-0.019729,994050,2043.7,434006,13632.6,271155,1.09326,8301.79,20697.5,2.10519,110.145,24.1219,1.42045e+06
42.6,-0.0482081,565976,1.6465,-0.019729,994042,2040.16,434006,13619.2,271157,1.0889,8290.28,20750.7,2.09996,110.204,24.0609,1.41691e+06
42.7,-0.0482081,565976,1.63993,-0.019729,994035,2036.61,434006,13605.7,271158,1.08456,8278.7,20803.8,2.09473,110.261,24.0001,1.41338e+06
42.8,-0.0482081,565976,1.63338,-0.019729,994027,2033.05,434006,13592,271160,1.08024,8267.05,20856.8,2.0895,110.316,23.9394,1.40985e+06
42.9,-0.0482081,565976,1.62686,-0.019729,994020,2029.48,434006,13578.2,271162,1.07593,8255.33,20909.7,2.08427,110.37,23.8789,1.40634e+06
43,-0.0482081,565976,1.62037,-0.019729,994012,2025.89,434006,13564.2,271163,1.07164,8243.55,20962.5,2.07903,110.422,23.8185,1.40284e+06
43.1,-0.0482081,565976,1.6139,-0.019729,994005,2022.3,434006,13550.2,271165,1.06737,8231.7,21015.2,2.0738,110.473,23.7583,1.39935e+06
43.2,-0.0482081,565976,1.60746,-0.019729,993998,2018.69,434007,13536,271166,1.06312,8219.78,21067.7,2.06857,110.522,23.6983,1.39586e+06
43.3,-0.0482081,565976,1.60104,-0.019729,993990,2015.08,434007,13521.6,271168,1.05888,8207.8,21120.2,2.06333,110.57,23.6384,1.39239e+06
43.4,-0.0482081,565976,1.59465,-0.019729,993983,2011.45,434007,13507.2,271170,1.05466,8195.76,21172.6,2.0581,110.616,23.5787,1.38893e+06
43.5,-0.0482081,565976,1.58829,-0.019729,993976,2007.82,434007,13492.6,271171,1.05046,8183.66,21224.9,2.05287,110.661,23.5192,1.38547e+06
43.6,-0.0482081,565976,1.58195,-0.019729,993968,2004.17,434007,13477.9,271173,1.04627,8171.49,21277.1,2.04763,110.704,23.4598,1.38203e+06
43.7,-0.0482081,565976,1.57563,-0.019729,993961,2000.52,434007,13463.1,271175,1.0421,8159.27,21329.1,2.0424,110.745,23.4006,1.37859e+06
43.8,-0.0482081,565976,1.56934,-0.019729,993954,1996.86,434007,13448.2,271176,1.03795,8146.98,21381.1,2.03717,110.785,23.3416,1.37516e+06
43.9,-0.0482081,565976,1.56308,-0.019729,993947,1993.19,434007,13433.1,271178,1.03381,8134.64,21432.9,2.03194,110.824,23.2827,1.37175e+06
44,-0.0482081,565976,1.55684,-0.019729,993939,1989.51,434007,13418,271180,1.02969,8122.24,21484.7,2.02671,110.861,23.224,1.36834e+06
44.1,-0.0482081,565976,1.55062,-0.019729,993932,1985.82,434007,13402.7,271181,1.02558,8109.78,21536.3,2.02148,110.896,23.1654,1.36494e+06
44.2,-0.0482081,565976,1.54443,-0.019729,993925,1982.12,434007,13387.3,271183,1.0215,8097.25,21587.9,2.01625,110.93,23.107,1.36155e+06
44.3,-0.0482081,565976,1.53827,-0.019729,993918,1978.41,434007,13371.8,271185,1.01743,8084.67,21639.3,2.01102,110.963,23.0487,1.35817e+06
44.4,-0.0482081,565976,1.53213,-0.019729,993911,1974.69,434007,13356.1,271186,1.01337,8072.03,21690.7,2.00579,110.994,22.9907,1.3548e+06
44.5,-0.0482081,565976,1.52601,-0.019729,993904,1970.97,434007,13340.4,271188,1.00933,8059.33,21741.9,2.00056,111.024,22.9327,1.35144e+06
44.6,-0.0482081,565976,1.51992,-0.019729,993897,1967.23,434007,13324.6,271190,1.00531,8046.58,21793,1.99534,111.052,22.875,1.34809e+06
44.7,-0.0482081,565976,1.51386,-0.019729,993890,1963.49,434007,13308.6,271191,1.0013,8033.78,21844,1.99011,111.079,22.8174,1.34475e+06
44.8,-0.0482081,565976,1.50782,-0.019729,993883,1959.74,434007,13292.5,271193,0.997314,8020.92,21894.9,1.98489,111.104,22.7599,1.34141e+06
44.9,-0.0482081,565976,1.5018,-0.019729,993876,1955.98,434007,13276.3,271195,0.99334,8008.01,21945.7,1.97967,111.128,22.7026,1.33809e+06
45,-0.0482081,565976,1.4958,-0.019729,993869,1952.22,434007,13260.1,271196,0.989381,7995.05,21996.4,1.97445,111.15,22.6455,1.33477e+06
45.1,-0.0482081,565976,1.48983,-0.019729,993863,1948.45,434007,13243.7,271198,0.985439,7982.04,22047,1.96923,111.171,22.5885,1.33147e+06
45.2,-0.0482081,565976,1.48389,-0.019729,993856,1944.67,434007,13227.2,271200,0.981512,7968.98,22097.5,1.96401,111.19,22.5317,1.32817e+06
45.3,-0.0482081,565976,1.47796,-0.019729,993849,1940.88,434007,13210.6,271201,0.9776,7955.87,22147.9,1.9588,111.208,22.475,1.32488e+06
45.4,-0.0482081,565976,1.47207,-0.019729,993842,1937.09,434007,13194,271203,0.973705,7942.72,22198.1,1.95359,111.225,22.4185,1.3216e+06
45.5,-0.0482081,565976,1.46619,-0.019729,993836,1933.29,434007,13177.2,271205,0.969825,7929.51,22248.3,1.94838,111.24,22.3622,1.31833e+06
45.6,-0.0482081,565976,1.46034,-0.019729,993829,1929.48,434008,13160.3,271207,0.96596,7916.27,22298.3,1.94318,111.254,22.306,1.31507e+06
45.7,-0.0482081,565976,1.45451,-0.019729,993822,1925.67,434008,13143.3,271208,0.962111,7902.97,22348.3,1.93798,111.266,22.2499,1.31182e+06
45.8,-0.0482081,565976,1.44871,-0.019729,993816,1921.85,434008,13126.3,271210,0.958277,7889.63,22398.1,1.93278,111.277,22.194,1.30858e+06
45.9,-0.0482081,565976,1.44292,-0.019729,993809,1918.02,434008,13109.1,271212,0.954459,7876.25,22447.8,1.92758,111.287,22.1383,1.30534e+06
46,-0.0482081,565976,1.43716,-0.019729,993802,1914.19,434008,13091.9,271213,0.950655,7862.82,22497.4,1.92239,111.295,22.0827,1.30212e+06
46.1,-0.0482081,565976,1.43143,-0.019729,993796,1910.36,434008,13074.6,271215,0.946867,7849.36,22546.9,1.9172,111.301,22.0272,1.2989e+06
46.2,-0.0482081,565976,1.42572,-0.019729,993789,1906.52,434008,13057.2,271217,0.943094,7835.85,22596.3,1.91201,111.307,21.972,1.29569e+06
46.3,-0.0482081,565976,1.42003,-0.019729,993783,1902.67,434008,13039.7,271219,0.939336,7822.3,22645.6,1.90683,111.31,21.9168,1.2925e+06
46.4,-0.0482081,565976,1.41436,-0.019729,993776,1898.82,434008,13022.1,271220,0.935592,7808.71,22694.8,1.90165,111.313,21.8619,1.28931e+06
46.5,-0.0482081,565976,1.40871,-0.019729,993770,1894.96,434008,13004.4,271222,0.931864,7795.08,22743.8,1.89648,111.314,21.807,1.28612e+06
46.6,-0.0482081,565976,1.40309,-0.019729,993763,1891.1,434008,12986.7,271224,0.92815,7781.42,22792.8,1.89131,111.314,21.7523,1.28295e+06
46.7,-0.0482081,565976,1.39749,-0.019729,993757,1887.23,434008,12968.9,271226,0.924451,7767.72,22841.6,1.88615,111.312,21.6978,1.27979e+06
46.8,-0.0482081,565976,1.39191,-0.019729,993751,1883.36,434008,12951,271227,0.920767,7753.98,22890.3,1.88099,111.309,21.6434,1.27663e+06
46.9,-0.0482081,565976,1.38635,-0.019729,993744,1879.49,434008,12933,271229,0.917098,7740.21,22939,1.87583,111.305,21.5892,1.27349e+06
47,-0.0482081,565976,1.38082,-0.019729,993738,1875.61,434008,12915,271231,0.913443,7726.4,22987.5,1.87068,111.299,21.5351,1.27035e+06
47.1,-0.0482081,565976,1.37531,-0.019729,993732,1871.72,434008,12896.8,271233,0.909802,7712.55,23035.9,1.86553,111.292,21.4812,1.26722e+06
47.2,-0.0482081,565976,1.36982,-0.019729,993725,1867.83,434008,12878.6,271234,0.906177,7698.66,23084.1,1.86039,111.284,21.4274,1.2641e+06
47.3,-0.0482081,565976,1.36435,-0.019729,993719,1863.93,434008,12860.3,271236,0.902567,7684.72,23132.3,1.85524,111.274,21.3737,1.26099e+06
47.4,-0.0482081,565976,1.35891,-0.019729,993713,1860.03,434008,12841.9,271238,0.89897,7670.75,23180.4,1.85011,111.263,21.3203,1.25788e+06
47.5,-0.0482081,565976,1.35349,-0.019729,993707,1856.13,434008,12823.4,271240,0.895389,7656.75,23228.4,1.84497,111.251,21.2669,1.25479e+06
47.6,-0.0482081,565976,1.34808,-0.019729,993700,1852.22,434008,12804.9,271241,0.891821,7642.72,23276.2,1.83984,111.237,21.2137,1.2517e+06
47.7,-0.0482081,565976,1.3427,-0.019729,993694,1848.31,434008,12786.3,271243,0.888268,7628.65,23324,1.83472,111.222,21.1607,1.24862e+06
47.8,-0.0482081,565976,1.33735,-0.019729,993688,1844.39,434008,12767.6,271245,0.884729,7614.55,23371.6,1.8296,111.206,21.1078,1.24555e+06
47.9,-0.0482081,565976,1.33201,-0.019729,993682,1840.47,434008,12748.9,271247,0.881204,7600.42,23419.1,1.82449,111.189,21.055,1.24249e+06
48,-0.0482081,565976,1.32669,-0.019729,993676,1836.55,434008,12730,271249,0.877693,7586.26,23466.5,1.81938,111.17,21.0024,1.23944e+06
48.1,-0.0482081,565976,1.3214,-0.019729,993670,1832.63,434008,12711.2,271250,0.874196,7572.07,23513.8,1.81428,111.15,20.9499,1.2364e+06
48.2,-0.0482081,565976,1.31612,-0.019729,993664,1828.7,434008,12692.2,271252,0.870713,7557.85,23561,1.80918,111.129,20.8976,1.23336e+06
48.3,-0.0482081,565976,1.31087,-0.019729,993658,1824.77,434009,12673.2,271254,0.867244,7543.6,23608,1.80409,111.106,20.8454,1.23033e+06
48.4,-0.0482081,565976,1.30564,-0.019729,993652,1820.83,434009,12654.1,271256,0.863788,7529.33,23655,1.799,111.082,20.7934,1.22731e+06
48.5,-0.0482081,565976,1.30043,-0.019729,993646,1816.9,434009,12635,271257,0.860347,7515.03,23701.8,1.79392,111.057,20.7415,1.2243e+06
48.6,-0.0482081,565976,1.29524,-0.019729,993640,1812.96,434009,12615.8,271259,0.856919,7500.7,23748.6,1.78884,111.031,20.6897,1.2213e+06
48.7,-0.0482081,565976,1.29007,-0.019729,993634,1809.01,434009,12596.5,271261,0.853504,7486.35,23795.2,1.78378,111.003,20.6381,1.2183e+06
48.8,-0.0482081,565976,1.28492,-0.019729,993628,1805.07,434009,12577.2,271263,0.850104,7471.97,23841.7,1.77871,110.974,20.5866,1.21532e+06
48.9,-0.0482081,565976,1.27979,-0.019729,993622,1801.12,434009,12557.8,271265,0.846717,7457.57,23888.1,1.77366,110.944,20.5353,1.21234e+06
49,-0.0482081,565976,1.27469,-0.019729,993617,1797.18,434009,12538.4,271266,0.843343,7443.14,23934.4,1.76861,110.913,20.4841,1.20937e+06
49.1,-0.0482081,565976,1.2696,-0.019729,993611,1793.23,434009,12518.9,271268,0.839983,7428.69,23980.6,1.76356,110.88,20.4331,1.20641e+06
49.2,-0.0482081,565976,1.26453,-0.019729,993605,1789.28,434009,12499.4,271270,0.836636,7414.22,24026.6,1.75852,110.846,20.3822,1.20345e+06
49.3,-0.0482081,565976,1.25949,-0.019729,993599,1785.32,434009,12479.8,271272,0.833302,7399.73,24072.5,1.75349,110.811,20.3314,1.20051e+06
49.4,-0.0482081,565976,1.25446,-0.019729,993594,1781.37,434009,12460.1,271273,0.829981,7385.21,24118.4,1.74847,110.775,20.2808,1.19757e+06
49.5,-0.0482081,565976,1.24945,-0.019729,993588,1777.41,434009,12440.4,271275,0.826674,7370.68,24164.1,1.74345,110.738,20.2303,1.19464e+06
49.6,-0.0482081,565976,1.24446,-0.019729,993582,1773.45,434009,12420.7,271277,0.82338,7356.12,24209.7,1.73844,110.699,20.1799,1.19172e+06
49.7,-0.0482081,565976,1.2395,-0.019729,993576,1769.5,434009,12400.9,271279,0.820099,7341.55,24255.2,1.73343,110.659,20.1297,1.18881e+06
49.8,-0.0482081,565976,1.23455,-0.019729,993571,1765.54,434009,12381,271281,0.816831,7326.96,24300.6,1.72844,110.618,20.0796,1.1859e+06
49.9,-0.0482081,565976,1.22962,-0.019729,993565,1761.58,434009,12361.2,271282,0.813576,7312.35,24345.8,1.72345,110.576,20.0297,1.183e+06
50,-0.0482081,565976,1.22471,-0.019729,993560,1757.62,434009,12341.2,271284,0.810333,7297.72,24391,1.71846,110.533,19.9799,1.18011e+06
50.1,-0.0482081,565976,1.21982,-0.019729,993554,1753.65,434009,12321.2,271286,0.807104,7283.07,24436,1.71348,110.488,19.9302,1.17723e+06
50.2,-0.0482081,565976,1.21496,-0.019729,993548,1749.69,434009,12301.2,271288,0.803888,7268.39,24480.9,1.70851,110.442,19.8807,1.17436e+06
50.3,-0.0482081,565976,1.21011,-0.019729,993543,1745.72,434009,12281.1,271290,0.800685,7253.69,24525.8,1.70355,110.396,19.8313,1.17149e+06
50.4,-0.0482081,565976,1.20528,-0.019729,993537,1741.75,434009,12260.9,271291,0.797495,7238.98,24570.5,1.69859,110.348,19.7821,1.16863e+06
50.5,-0.0482081,565976,1.20047,-0.019729,993532,1737.79,434009,12240.7,271293,0.794317,7224.25,24615.1,1.69364,110.299,19.733,1.16578e+06
50.6,-0.0482081,565976,1.19568,-0.019729,993527,1733.82,434009,12220.5,271295,0.791152,7209.5,24659.5,1.68869,110.249,19.684,1.16294e+06
50.7,-0.0482081,565976,1.1909,-0.019729,993521,1729.85,434009,12200.2,271297,0.788,7194.74,24703.9,1.68375,110.197,19.6351,1.16011e+06
50.8,-0.0482081,565976,1.18615,-0.019729,993516,1725.88,434009,12179.9,271299,0.78486,7179.97,24748.2,1.67882,110.145,19.5864,1.15728e+06
50.9,-0.0482081,565976,1.18142,-0.019729,993510,1721.91,434009,12159.5,271300,0.781732,7165.17,24792.3,1.6739,110.091,19.5378,1.15446e+06
51,-0.0482081,565976,1.1767,-0.019729,993505,1717.94,434009,12139.1,271302,0.778617,7150.37,24836.3,1.66899,110.037,19.4894,1.15165e+06
51.1,-0.0482081,565976,1.172,-0.019729,993500,1713.97,434009,12118.7,271304,0.775515,7135.55,24880.2,1.66408,109.981,19.4411,1.14885e+06
51.2,-0.0482081,565976,1.16733,-0.019729,993494,1710,434009,12098.2,271306,0.772425,7120.72,24924,1.65918,109.924,19.3929,1.14605e+06
51.3,-0.0482081,565976,1.16267,-0.019729,993489,1706.03,434009,12077.7,271308,0.769347,7105.87,24967.7,1.65429,109.866,19.3449,1.14326e+06
51.4,-0.0482081,565976,1.15803,-0.0197291,993484,1702.07,434010,12057.1,271309,0.766281,7091.02,25011.3,1.6494,109.807,19.2969,1.14048e+06
51.5,-0.0482081,565976,1.1534,-0.0197291,993478,1698.1,434010,12036.5,271311,0.763228,7076.15,25054.8,1.64452,109.747,19.2492,1.13771e+06
51.6,-0.0482081,565976,1.1488,-0.0197291,993473,1694.13,434010,12015.9,271313,0.760186,7061.27,25098.1,1.63965,109.686,19.2015,1.13494e+06
51.7,-0.0482081,565976,1.14421,-0.0197291,993468,1690.16,434010,11995.2,271315,0.757157,7046.38,25141.4,1.63479,109.624,19.154,1.13219e+06
51.8,-0.0482081,565976,1.13965,-0.0197291,993463,1686.19,434010,11974.5,271317,0.75414,7031.47,25184.5,1.62994,109.56,19.1066,1.12944e+06
51.9,-0.0482081,565976,1.1351,-0.0197291,993458,1682.23,434010,11953.8,271318,0.751135,7016.56,25227.5,1.62509,109.496,19.0594,1.12669e+06
52,-0.0482081,565976,1.13057,-0.0197291,993452,1678.26,434010,11933,271320,0.748141,7001.64,25270.4,1.62025,109.431,19.0122,1.12396e+06
52.1,-0.0482081,565976,1.12605,-0.0197291,993447,1674.3,434010,11912.2,271322,0.74516,6986.71,25313.2,1.61542,109.364,18.9652,1.12123e+06
52.2,-0.0482081,565976,1.12156,-0.0197291,993442,1670.33,434010,11891.4,271324,0.742191,6971.77,25355.9,1.6106,109.297,18.9184,1.11851e+06
52.3,-0.0482081,565976,1.11708,-0.0197291,993437,1666.37,434010,11870.5,271326,0.739233,6956.82,25398.4,1.60579,109.228,18.8716,1.1158e+06
52.4,-0.0482081,565976,1.11262,-0.0197291,993432,1662.41,434010,11849.6,271327,0.736287,6941.87,25440.9,1.60098,109.159,18.825,1.11309e+06
52.5,-0.0482081,565976,1.10818,-0.0197291,993427,1658.45,434010,11828.7,271329,0.733353,6926.9,25483.2,1.59618,109.089,18.7785,1.11039e+06
52.6,-0.0482081,565976,1.10376,-0.0197291,993422,1654.49,434010,11807.8,271331,0.73043,6911.93,25525.4,1.5914,109.017,18.7322,1.1077e+06
52.7,-0.0482081,565976,1.09935,-0.0197291,993417,1650.53,434010,11786.8,271333,0.727519,6896.95,25567.6,1.58661,108.945,18.6859,1.10502e+06
52.8,-0.0482081,565976,1.09496,-0.0197291,993412,1646.57,434010,11765.8,271335,0.72462,6881.97,25609.6,1.58184,108.871,18.6398,1.10235e+06
52.9,-0.0482081,565976,1.09059,-0.0197291,993407,1642.62,434010,11744.8,271336,0.721732,6866.98,25651.4,1.57708,108.797,18.5939,1.09968e+06
53,-0.0482081,565976,1.08624,-0.0197291,993402,1638.66,434010,11723.7,271338,0.718855,6851.98,25693.2,1.57232,108.722,18.548,1.09702e+06
53.1,-0.0482081,565976,1.0819,-0.0197291,993397,1634.71,434010,11702.6,271340,0.715991,6836.98,25734.9,1.56757,108.645,18.5023,1.09436e+06
53.2,-0.0482081,565976,1.07758,-0.0197291,993392,1630.76,434010,11681.5,271342,0.713137,6821.98,25776.4,1.56283,108.568,18.4567,1.09172e+06
53.3,-0.0482081,565976,1.07328,-0.0197291,993387,1626.81,434010,11660.4,271344,0.710295,6806.96,25817.9,1.5581,108.489,18.4112,1.08908e+06
53.4,-0.0482081,565976,1.069,-0.0197291,993383,1622.86,434010,11639.2,271345,0.707464,6791.95,25859.2,1.55338,108.41,18.3659,1.08644e+06
53.5,-0.0482081,565976,1.06473,-0.0197291,993378,1618.92,434010,11618.1,271347,0.704645,6776.93,25900.4,1.54867,108.33,18.3207,1.08382e+06
53.6,-0.0482081,565976,1.06048,-0.0197291,993373,1614.97,434010,11596.9,271349,0.701836,6761.91,25941.5,1.54396,108.249,18.2756,1.0812e+06
53.7,-0.0482081,565976,1.05625,-0.0197291,993368,1611.03,434010,11575.6,271351,0.699039,6746.88,25982.5,1.53926,108.167,18.2306,1.07859e+06
53.8,-0.0482081,565976,1.05203,-0.0197291,993363,1607.09,434010,11554.4,271352,0.696253,6731.85,26023.4,1.53458,108.084,18.1858,1.07599e+06
53.9,-0.0482081,565976,1.04783,-0.0197291,993359,1603.15,434010,11533.1,271354,0.693478,6716.82,26064.2,1.5299,108,18.141,1.07339e+06
54,-0.0482081,565976,1.04365,-0.0197291,993354,1599.22,434010,11511.8,271356,0.690715,6701.78,26104.8,1.52523,107.915,18.0964,1.0708e+06
54.1,-0.0482081,565976,1.03948,-0.0197291,993349,1595.29,434010,11490.5,271358,0.687962,6686.75,26145.4,1.52056,107.829,18.052,1.06822e+06
54.2,-0.0482081,565976,1.03533,-0.0197291,993344,1591.35,434010,11469.2,271360,0.68522,6671.71,26185.8,1.51591,107.742,18.0076,1.06565e+06
54.3,-0.0482081,565976,1.0312,-0.0197291,993340,1587.43,434010,11447.9,271361,0.682489,6656.67,26226.1,1.51127,107.655,17.9634,1.06308e+06
54.4,-0.0482081,565976,1.02708,-0.0197291,993335,1583.5,434010,11426.5,271363,0.679769,6641.63,26266.3,1.50663,107.566,17.9193,1.06052e+06
54.5,-0.0482081,565976,1.02298,-0.0197291,993330,1579.58,434010,11405.1,271365,0.677059,6626.59,26306.4,1.502,107.477,17.8753,1.05797e+06
54.6,-0.0482081,565976,1.0189,-0.0197291,993326,1575.65,434010,11383.8,271367,0.674361,6611.55,26346.4,1.49739,107.387,17.8314,1.05542e+06
54.7,-0.0482081,565976,1.01483,-0.0197291,993321,1571.74,434010,11362.3,271369,0.671673,6596.51,26386.3,1.49278,107.296,17.7877,1.05288e+06
54.8,-0.0482081,565976,1.01078,-0.0197291,993317,1567.82,434010,11340.9,271370,0.668996,6581.46,26426.1,1.48818,107.204,17.7441,1.05035e+06
54.9,-0.0482081,565976,1.00674,-0.0197291,993312,1563.91,434011,11319.5,271372,0.66633,6566.42,26465.7,1.48359,107.111,17.7006,1.04782e+06
55,-0.0482081,565976,1.00273,-0.0197291,993307,1559.99,434011,11298,271374,0.663674,6551.38,26505.3,1.479,107.017,17.6572,1.0453e+06
55.1,-0.0482081,565976,0.998722,-0.0197291,993303,1556.09,434011,11276.6,271376,0.661029,6536.35,26544.7,1.47443,106.923,17.6139,1.04279e+06
55.2,-0.0482081,565976,0.994735,-0.0197291,993298,1552.18,434011,11255.1,271377,0.658394,6521.31,26584,1.46987,106.827,17.5708,1.04028e+06
55.3,-0.0482081,565976,0.990764,-0.0197291,993294,1548.28,434011,11233.6,271379,0.65577,6506.27,26623.2,1.46531,106.731,17.5277,1.03779e+06
55.4,-0.0482081,565976,0.986809,-0.0197291,993289,1544.38,434011,11212.1,271381,0.653156,6491.24,26662.4,1.46076,106.634,17.4848,1.0353e+06
55.5,-0.0482081,565976,0.982869,-0.0197291,993285,1540.48,434011,11190.5,271383,0.650553,6476.21,26701.4,1.45623,106.537,17.442,1.03281e+06
55.6,-0.0482081,565976,0.978946,-0.0197291,993281,1536.59,434011,11169,271384,0.64796,6461.18,26740.2,1.4517,106.438,17.3994,1.03033e+06
55.7,-0.0482081,565976,0.975038,-0.0197291,993276,1532.7,434011,11147.5,271386,0.645378,6446.15,26779,1.44718,106.339,17.3568,1.02786e+06
55.8,-0.0482081,565976,0.971145,-0.0197291,993272,1528.81,434011,11125.9,271388,0.642805,6431.12,26817.7,1.44267,106.238,17.3144,1.0254e+06
55.9,-0.0482081,565976,0.967268,-0.0197291,993267,1524.93,434011,11104.3,271390,0.640243,6416.1,26856.2,1.43817,106.137,17.2721,1.02294e+06
56,-0.0482081,565976,0.963407,-0.0197291,993263,1521.05,434011,11082.8,271392,0.637692,6401.09,26894.7,1.43367,106.036,17.2299,1.02049e+06
56.1,-0.0482081,565976,0.95956,-0.0197291,993259,1517.17,434011,11061.2,271393,0.63515,6386.08,26933,1.42919,105.933,17.1878,1.01805e+06
56.2,-0.0482081,565976,0.955729,-0.0197291,993254,1513.3,434011,11039.6,271395,0.632618,6371.09,26971.2,1.42472,105.829,17.1458,1.01561e+06
56.3,-0.0482081,565976,0.951913,-0.0197291,993250,1509.43,434011,11018,271397,0.630096,6356.1,27009.3,1.42026,105.725,17.104,1.01318e+06
56.4,-0.0482081,565976,0.948112,-0.0197291,993246,1505.57,434011,10996.5,271399,0.627584,6341.12,27047.3,1.41581,105.62,17.0622,1.01076e+06
56.5,-0.0482081,565976,0.944327,-0.0197291,993241,1501.71,434011,10974.9,271400,0.625082,6326.14,27085.2,1.41137,105.514,17.0206,1.00834e+06
56.6,-0.0482081,565976,0.940556,-0.0197291,993237,1497.85,434011,10953.3,271402,0.62259,6311.17,27123,1.40694,105.408,16.9791,1.00593e+06
56.7,-0.0482081,565976,0.9368,-0.0197291,993233,1494,434011,10931.7,271404,0.620108,6296.2,27160.7,1.40252,105.3,16.9377,1.00352e+06
56.8,-0.0482081,565976,0.93306,-0.0197291,993229,1490.15,434011,10910.1,271406,0.617636,6281.24,27198.2,1.3981,105.192,16.8964,1.00113e+06
56.9,-0.0482081,565976,0.929334,-0.0197291,993225,1486.3,434011,10888.5,271407,0.615174,6266.29,27235.7,1.3937,105.083,16.8553,998736
57,-0.0482081,565976,0.925623,-0.0197291,993220,1482.46,434011,10866.8,271409,0.612721,6251.35,27273,1.38931,104.974,16.8142,996352
57.1,-0.0482081,565976,0.921927,-0.0197291,993216,1478.62,434011,10845.2,271411,0.610279,6236.41,27310.3,1.38492,104.863,16.7733,993974
57.2,-0.0482081,565976,0.918245,-0.0197291,993212,1474.79,434011,10823.6,271413,0.607846,6221.48,27347.4,1.38055,104.752,16.7325,991603
57.3,-0.0482081,565976,0.914579,-0.0197291,993208,1470.96,434011,10802,271414,0.605422,6206.56,27384.4,1.37618,104.641,16.6917,989238
57.4,-0.0482081,565976,0.910927,-0.0197291,993204,1467.14,434011,10780.4,271416,0.603008,6191.65,27421.3,1.37183,104.528,16.6511,986880
57.5,-0.0482081,565976,0.907289,-0.0197291,993200,1463.32,434011,10758.7,271418,0.600604,6176.74,27458.1,1.36748,104.415,16.6107,984529
57.6,-0.0482081,565976,0.903666,-0.0197291,993196,1459.5,434011,10737.1,271420,0.59821,6161.84,27494.8,1.36315,104.301,16.5703,982183
57.7,-0.0482081,565976,0.900057,-0.0197291,993192,1455.69,434011,10715.5,271421,0.595825,6146.96,27531.4,1.35882,104.186,16.53,979845
57.8,-0.0482081,565976,0.896463,-0.0197291,993188,1451.88,434011,10693.9,271423,0.593449,6132.08,27567.9,1.3545,104.071,16.4899,977512
57.9,-0.0482081,565976,0.892883,-0.0197291,993183,1448.07,434011,10672.2,271425,0.591083,6117.21,27604.3,1.3502,103.955,16.4498,975186
58,-0.0482081,565976,0.889318,-0.0197291,993179,1444.27,434011,10650.6,271426,0.588726,6102.35,27640.5,1.3459,103.839,16.4099,972867
58.1,-0.0482081,565976,0.885766,-0.0197291,993175,1440.48,434011,10629,271428,0.586379,6087.5,27676.7,1.34161,103.721,16.3701,970553
58.2,-0.0482081,565976,0.882229,-0.0197291,993171,1436.69,434011,10607.4,271430,0.584041,6072.65,27712.7,1.33733,103.603,16.3304,968246
58.3,-0.0482081,565976,0.878706,-0.0197291,993168,1432.9,434011,10585.7,271432,0.581713,6057.82,27748.7,1.33306,103.485,16.2908,965946
58.4,-0.0482081,565976,0.875197,-0.0197291,993164,1429.12,434011,10564.1,271433,0.579393,6043,27784.5,1.3288,103.365,16.2513,963652
58.5,-0.0482081,565976,0.871702,-0.0197291,993160,1425.34,434011,10542.5,271435,0.577083,6028.19,27820.2,1.32455,103.246,16.2119,961364
58.6,-0.0482081,565976,0.868221,-0.0197291,993156,1421.57,434011,10520.9,271437,0.574782,6013.39,27855.9,1.32031,103.125,16.1726,959082
58.7,-0.0482081,565976,0.864754,-0.0197291,993152,1417.8,434011,10499.3,271438,0.572491,5998.6,27891.4,1.31608,103.004,16.1335,956807
58.8,-0.0482081,565976,0.861301,-0.0197291,993148,1414.03,434011,10477.6,271440,0.570208,5983.82,27926.8,1.31186,102.882,16.0944,954537
58.9,-0.0482081,565976,0.857861,-0.0197291,993144,1410.27,434012,10456,271442,0.567935,5969.05,27962.1,1.30765,102.76,16.0555,952275
59,-0.0482081,565976,0.854436,-0.0197291,993140,1406.52,434012,10434.4,271444,0.56567,5954.29,27997.3,1.30345,102.637,16.0166,950018
59.1,-0.0482081,565976,0.851024,-0.0197291,993136,1402.77,434012,10412.8,271445,0.563415,5939.54,28032.4,1.29926,102.513,15.9779,947767
59.2,-0.0482081,565976,0.847625,-0.0197291,993133,1399.02,434012,10391.2,271447,0.561169,5924.8,28067.4,1.29508,102.389,15.9393,945523
59.3,-0.0482081,565976,0.844241,-0.0197291,993129,1395.28,434012,10369.6,271449,0.558931,5910.08,28102.2,1.2909,102.264,15.9007,943285
59.4,-0.0482081,565976,0.84087,-0.0197291,993125,1391.54,434012,10348,271450,0.556703,5895.36,28137,1.28674,102.139,15.8623,941053
59.5,-0.0482081,565976,0.837512,-0.0197291,993121,1387.81,434012,10326.4,271452,0.554484,5880.66,28171.7,1.28259,102.013,15.824,938827
59.6,-0.0482081,565976,0.834168,-0.0197291,993117,1384.08,434012,10304.8,271454,0.552273,5865.97,28206.3,1.27844,101.886,15.7858,936607
59.7,-0.0482081,565976,0.830837,-0.0197291,993114,1380.36,434012,10283.2,271456,0.550071,5851.29,28240.7,1.27431,101.759,15.7477,934393
59.8,-0.0482081,565976,0.827519,-0.0197291,993110,1376.64,434012,10261.7,271457,0.547878,5836.62,28275.1,1.27018,101.631,15.7097,932186
59.9,-0.0482081,565976,0.824215,-0.0197291,993106,1372.92,434012,10240.1,271459,0.545694,5821.97,28309.3,1.26606,101.503,15.6719,929984
60,-0.0482081,565976,0.820924,-0.0197291,993103,1369.22,434012,10218.5,271461,0.543519,5807.33,28343.5,1.26196,101.374,15.6341,927789
60.1,-0.0482081,565976,0.817647,-0.0197291,993099,1365.51,434012,10196.9,271462,0.541352,5792.69,28377.6,1.25786,101.245,15.5964,925599
60.2,-0.0482081,565976,0.814382,-0.0197291,993095,1361.81,434012,10175.4,271464,0.539194,5778.08,28411.5,1.25377,101.115,15.5588,923416
60.3,-0.0482081,565976,0.811131,-0.0197291,993092,1358.12,434012,10153.8,271466,0.537045,5763.47,28445.3,1.24969,100.985,15.5214,921239
60.4,-0.0482081,565976,0.807892,-0.0197291,993088,1354.43,434012,10132.3,271467,0.534904,5748.87,28479.1,1.24562,100.854,15.484,919067
60.5,-0.0482081,565976,0.804667,-0.0197291,993084,1350.74,434012,10110.7,271469,0.532772,5734.29,28512.7,1.24156,100.722,15.4468,916902
60.6,-0.0482081,565976,0.801455,-0.0197291,993081,1347.06,434012,10089.2,271471,0.530649,5719.72,28546.3,1.23751,100.591,15.4096,914742
60.7,-0.0482081,565976,0.798254,-0.0197291,993077,1343.39,434012,10067.7,271472,0.528532,5705.2,28579.7,1.23348,100.458,15.3725,912588
60.8,-0.0482081,565976,0.795066,-0.0197291,993074,1339.73,434012,10046.3,271474,0.526425,5690.69,28613,1.22946,100.324,15.3356,910440
60.9,-0.0482081,565976,0.79189,-0.0197291,993070,1336.07,434012,10024.8,271476,0.524325,5676.2,28646.2,1.22545,100.191,15.2987,908298
61,-0.0482081,565976,0.788727,-0.0197291,993067,1332.42,434012,10003.4,271477,0.522234,5661.72,28679.3,1.22144,100.056,15.262,906162
61.1,-0.0482081,565976,0.785577,-0.0197291,993063,1328.77,434012,9981.95,271479,0.520152,5647.26,28712.3,1.21745,99.9213,15.2254,904032
61.2,-0.0482081,565976,0.782439,-0.0197291,993059,1325.13,434012,9960.54,271481,0.518077,5632.81,28745.2,1.21347,99.786,15.1888,901908
61.3,-0.0482081,565976,0.779314,-0.0197291,993056,1321.49,434012,9939.13,271482,0.516011,5618.38,28778,1.20949,99.6501,15.1524,899789
61.4,-0.0482081,565976,0.776201,-0.0197291,993052,1317.86,434012,9917.74,271484,0.513953,5603.97,28810.7,1.20553,99.5137,15.116,897676
61.5,-0.0482081,565976,0.773101,-0.0197291,993049,1314.24,434012,9896.36,271486,0.511903,5589.57,28843.3,1.20158,99.3769,15.0798,895569
61.6,-0.0482081,565976,0.770013,-0.0197291,993046,1310.62,434012,9875,271487,0.509862,5575.19,28875.7,1.19763,99.2395,15.0436,893468
61.7,-0.0482081,565976,0.766937,-0.0197291,993042,1307,434012,9853.65,271489,0.507828,5560.83,28908.1,1.1937,99.1017,15.0076,891373
61.8,-0.0482081,565976,0.763874,-0.0197291,993039,1303.4,434012,9832.31,271491,0.505803,5546.48,28940.4,1.18978,98.9634,14.9717,889283
61.9,-0.0482081,565976,0.760822,-0.0197291,993035,1299.79,434012,9810.98,271492,0.503786,5532.15,28972.6,1.18586,98.8247,14.9358,887199
62,-0.0482081,565976,0.757783,-0.0197291,993032,1296.2,434012,9789.67,271494,0.501776,5517.84,29004.7,1.18196,98.6855,14.9001,885121
62.1,-0.0482081,565976,0.754757,-0.0197291,993029,1292.61,434012,9768.37,271495,0.499775,5503.54,29036.6,1.17807,98.5458,14.8644,883048
62.2,-0.0482081,565976,0.751742,-0.0197291,993025,1289.02,434012,9747.09,271497,0.497782,5489.26,29068.5,1.17418,98.4057,14.8289,880981
62.3,-0.0482081,565976,0.748739,-0.0197291,993022,1285.44,434012,9725.82,271499,0.495797,5475,29100.3,1.17031,98.2651,14.7934,878920
62.4,-0.0482081,565976,0.745748,-0.0197291,993018,1281.87,434012,9704.56,271500,0.493819,5460.75,29132,1.16644,98.1241,14.7581,876865
62.5,-0.0482081,565976,0.74277,-0.0197291,993015,1278.3,434012,9683.32,271502,0.49185,5446.52,29163.5,1.16259,97.9827,14.7228,874815
62.6,-0.0482081,565976,0.739803,-0.0197291,993012,1274.73,434012,9662.1,271504,0.489888,5432.31,29195,1.15874,97.8408,14.6877,872771
62.7,-0.0482081,565976,0.736848,-0.0197291,993009,1271.18,434012,9640.89,271505,0.487934,5418.12,29226.4,1.15491,97.6986,14.6526,870732
62.8,-0.0482081,565976,0.733904,-0.0197291,993005,1267.62,434012,9619.69,271507,0.485988,5403.94,29257.6,1.15108,97.5559,14.6177,868699
62.9,-0.0482081,565976,0.730973,-0.0197291,993002,1264.08,434012,9598.51,271508,0.48405,5389.79,29288.8,1.14727,97.4127,14.5828,866672
63,-0.0482081,565976,0.728053,-0.0197291,992999,1260.54,434012,9577.34,271510,0.482119,5375.65,29319.9,1.14346,97.2692,14.548,864650
63.1,-0.0482081,565976,0.725145,-0.0197291,992995,1257,434012,9556.19,271512,0.480196,5361.52,29350.9,1.13967,97.1253,14.5134,862633
63.2,-0.0482081,565976,0.722249,-0.0197291,992992,1253.47,434012,9535.06,271513,0.478281,5347.42,29381.7,1.13588,96.981,14.4788,860623
63.3,-0.0482081,565976,0.719364,-0.0197291,992989,1249.95,434012,9513.94,271515,0.476374,5333.33,29412.5,1.1321,96.8363,14.4443,858617
63.4,-0.0482081,565976,0.716491,-0.0197291,992986,1246.43,434012,9492.84,271517,0.474474,5319.27,29443.2,1.12834,96.6912,14.41,856618
63.5,-0.0482081,565976,0.713629,-0.0197291,992983,1242.92,434012,9471.75,271518,0.472581,5305.22,29473.8,1.12458,96.5458,14.3757,854623
63.6,-0.0482081,565976,0.710779,-0.0197291,992979,1239.42,434012,9450.68,271520,0.470697,5291.18,29504.3,1.12083,96.3999,14.3415,852634
63.7,-0.0482081,565976,0.70794,-0.0197291,992976,1235.92,434013,9429.63,271521,0.46882,5277.17,29534.6,1.11709,96.2537,14.3074,850651
63.8,-0.0482081,565976,0.705112,-0.0197291,992973,1232.42,434013,9408.59,271523,0.46695,5263.17,29564.9,1.11336,96.1072,14.2734,848673
63.9,-0.0482081,565976,0.702296,-0.0197291,992970,1228.94,434013,9387.57,271525,0.465088,5249.2,29595.1,1.10964,95.9602,14.2395,846701
64,-0.0482081,565976,0.699492,-0.0197291,992967,1225.45,434013,9366.57,271526,0.463233,5235.24,29625.2,1.10593,95.813,14.2057,844734
64.1,-0.0482081,565976,0.696698,-0.0197291,992964,1221.98,434013,9345.58,271528,0.461386,5221.3,29655.2,1.10223,95.6653,14.1719,842772
64.2,-0.0482081,565976,0.693916,-0.0197291,992961,1218.51,434013,9324.61,271529,0.459546,5207.38,29685.1,1.09854,95.5174,14.1383,840816
64.3,-0.0482081,565976,0.691145,-0.0197291,992958,1215.04,434013,9303.66,271531,0.457713,5193.47,29714.9,1.09486,95.3691,14.1048,838865
64.4,-0.0482081,565976,0.688385,-0.0197291,992955,1211.58,434013,9282.72,271532,0.455888,5179.59,29744.6,1.09119,95.2204,14.0713,836920
64.5,-0.0482081,565976,0.685636,-0.0197291,992951,1208.13,434013,9261.8,271534,0.454071,5165.72,29774.2,1.08753,95.0715,14.038,834980
64.6,-0.0482081,565976,0.682898,-0.0197291,992948,1204.68,434013,9240.9,271536,0.45226,5151.87,29803.8,1.08387,94.9222,14.0047,833045
64.7,-0.0482081,565976,0.680171,-0.0197291,992945,1201.24,434013,9220.01,271537,0.450457,5138.04,29833.2,1.08023,94.7726,13.9716,831115
64.8,-0.0482081,565976,0.677455,-0.0197291,992942,1197.8,434013,9199.14,271539,0.448661,5124.23,29862.5,1.07659,94.6227,13.9385,829191
64.9,-0.0482081,565976,0.674751,-0.0197291,992939,1194.37,434013,9178.29,271540,0.446872,5110.44,29891.7,1.07297,94.4725,13.9055,827272
65,-0.0482081,565976,0.672057,-0.0197291,992936,1190.95,434013,9157.46,271542,0.445091,5096.67,29920.9,1.06935,94.322,13.8727,825359
65.1,-0.0482081,565976,0.669374,-0.0197291,992933,1187.53,434013,9136.64,271543,0.443316,5082.91,29949.9,1.06574,94.1712,13.8399,823451
65.2,-0.0482081,565976,0.666701,-0.0197291,992930,1184.11,434013,9115.84,271545,0.441549,5069.17,29978.9,1.06215,94.0201,13.8072,821548
65.3,-0.0482081,565976,0.664039,-0.0197291,992927,1180.71,434013,9095.11,271547,0.439788,5055.48,30007.7,1.05856,93.8685,13.7745,819650
65.4,-0.0482081,565976,0.661386,-0.0197291,992925,1177.32,434013,9074.4,271548,0.438034,5041.82,30036.4,1.05499,93.7165,13.742,817757
65.5,-0.0482081,565976,0.658744,-0.0197291,992922,1173.93,434013,9053.72,271550,0.436287,5028.17,30065.1,1.05143,93.5642,13.7096,815869
65.6,-0.0482081,565976,0.656113,-0.0197291,992919,1170.55,434013,9033.05,271551,0.434546,5014.55,30093.6,1.04788,93.4116,13.6772,813987
65.7,-0.0482081,565976,0.653492,-0.0197291,992916,1167.17,434013,9012.41,271553,0.432813,5000.95,30122.1,1.04434,93.2587,13.645,812109
65.8,-0.0482081,565976,0.650882,-0.0197291,992913,1163.81,434013,8991.8,271554,0.431087,4987.37,30150.4,1.04081,93.1056,13.6128,810237
65.9,-0.0482081,565976,0.648282,-0.0197291,992910,1160.44,434013,8971.2,271556,0.429367,4973.81,30178.7,1.03728,92.9521,13.5807,808370
66,-0.0482081,565976,0.645692,-0.0197291,992907,1157.09,434013,8950.63,271557,0.427654,4960.28,30206.8,1.03377,92.7984,13.5488,806508
66.1,-0.0482081,565976,0.643113,-0.0197291,992904,1153.74,434013,8930.08,271559,0.425949,4946.76,30234.9,1.03027,92.6444,13.5169,804652
66.2,-0.0482081,565976,0.640544,-0.0197291,992901,1150.39,434013,8909.55,271560,0.42425,4933.27,30262.9,1.02677,92.4902,13.485,802800
66.3,-0.0482081,565976,0.637986,-0.0197291,992899,1147.06,434013,8889.05,271562,0.422557,4919.8,30290.8,1.02329,92.3356,13.4533,800953
66.4,-0.0482081,565976,0.635437,-0.0197291,992896,1143.73,434013,8868.57,271563,0.420872,4906.35,30318.6,1.01982,92.1808,13.4217,799112
66.5,-0.0482081,565976,0.632899,-0.0197291,992893,1140.4,434013,8848.11,271565,0.419193,4892.92,30346.2,1.01635,92.0258,13.3901,797275
66.6,-0.0482081,565976,0.630371,-0.0197291,992890,1137.09,434013,8827.68,271566,0.417521,4879.52,30373.8,1.0129,91.8705,13.3587,795444
66.7,-0.0482081,565976,0.627853,-0.0197291,992887,1133.77,434013,8807.26,271568,0.415855,4866.13,30401.4,1.00945,91.715,13.3273,793618
66.8,-0.0482081,565976,0.625345,-0.0197291,992885,1130.47,434013,8786.88,271569,0.414197,4852.77,30428.8,1.00601,91.5592,13.296,791796
66.9,-0.0482081,565976,0.622847,-0.0197291,992882,1127.17,434013,8766.51,271571,0.412544,4839.43,30456.1,1.00259,91.4032,13.2648,789980
67,-0.0482081,565976,0.620359,-0.0197291,992879,1123.88,434013,8746.17,271572,0.410899,4826.11,30483.3,0.999171,91.2469,13.2337,788168
67.1,-0.0482081,565976,0.617881,-0.0197291,992876,1120.59,434013,8725.86,271574,0.40926,4812.82,30510.5,0.995763,91.0904,13.2027,786362
67.2,-0.0482081,565976,0.615413,-0.0197291,992874,1117.31,434013,8705.57,271575,0.407627,4799.55,30537.5,0.992365,90.9337,13.1718,784561
67.3,-0.0482081,565976,0.612955,-0.0197291,992871,1114.04,434013,8685.3,271577,0.406001,4786.3,30564.5,0.988977,90.7767,13.1409,782764
67.4,-0.0482081,565976,0.610507,-0.0197291,992868,1110.77,434013,8665.06,271578,0.404382,4773.07,30591.3,0.985598,90.6196,13.1101,780972
67.5,-0.0482081,565976,0.608068,-0.0197291,992866,1107.51,434013,8644.84,271580,0.402769,4759.86,30618.1,0.982228,90.4622,13.0795,779186
67.6,-0.0482081,565976,0.60564,-0.0197291,992863,1104.26,434013,8624.64,271581,0.401162,4746.68,30644.8,0.978868,90.3046,13.0489,777404
67.7,-0.0482081,565976,0.603221,-0.0197291,992860,1101.01,434013,8604.47,271583,0.399562,4733.52,30671.4,0.975517,90.1468,13.0183,775627
67.8,-0.0482081,565976,0.600811,-0.0197291,992858,1097.77,434013,8584.33,271584,0.397968,4720.38,30697.9,0.972175,89.9888,12.9879,773855
67.9,-0.0482081,565976,0.598412,-0.0197291,992855,1094.54,434013,8564.21,271586,0.396381,4707.27,30724.3,0.968843,89.8306,12.9576,772088
68,-0.0482081,565976,0.596022,-0.0197291,992852,1091.31,434013,8544.11,271587,0.3948,4694.17,30750.6,0.96552,89.6722,12.9273,770326
68.1,-0.0482081,565976,0.593641,-0.0197291,992850,1088.09,434013,8524.04,271589,0.393225,4681.1,30776.8,0.962207,89.5136,12.8971,768568
68.2,-0.0482081,565976,0.59127,-0.0197291,992847,1084.88,434013,8503.99,271590,0.391657,4668.06,30803,0.958902,89.3549,12.8671,766816
68.3,-0.0482081,565976,0.588909,-0.0197291,992844,1081.67,434013,8483.97,271592,0.390095,4655.03,30829,0.955607,89.1959,12.837,765068
68.4,-0.0482081,565976,0.586557,-0.0197291,992842,1078.47,434013,8463.98,271593,0.388539,4642.03,30855,0.952322,89.0368,12.8071,763325
68.5,-0.0482081,565976,0.584214,-0.0197291,992839,1075.27,434013,8444,271595,0.386989,4629.05,30880.9,0.949045,88.8775,12.7773,761587
68.6,-0.0482081,565976,0.581881,-0.0197291,992837,1072.08,434013,8424.06,271596,0.385445,4616.09,30906.7,0.945778,88.718,12.7475,759854
68.7,-0.0482081,565976,0.579557,-0.0197291,992834,1068.9,434013,8404.14,271598,0.383908,4603.16,30932.3,0.942519,88.5583,12.7179,758125
68.8,-0.0482081,565976,0.577243,-0.0197291,992832,1065.72,434013,8384.24,271599,0.382377,4590.24,30958,0.93927,88.3985,12.6883,756401
68.9,-0.0482081,565976,0.574938,-0.0197291,992829,1062.55,434013,8364.37,271600,0.380852,4577.35,30983.5,0.936031,88.2386,12.6587,754682
69,-0.0482081,565976,0.572642,-0.0197291,992827,1059.39,434013,8344.52,271602,0.379333,4564.49,31008.9,0.9328,88.0784,12.6293,752968
69.1,-0.0482081,565976,0.570355,-0.0197291,992824,1056.23,434013,8324.7,271603,0.37782,4551.64,31034.2,0.929578,87.9181,12.6,751258
69.2,-0.0482081,565976,0.568078,-0.0197291,992822,1053.08,434013,8304.91,271605,0.376314,4538.82,31059.5,0.926365,87.7577,12.5707,749553
69.3,-0.0482081,565976,0.56581,-0.0197291,992819,1049.94,434013,8285.14,271606,0.374813,4526.03,31084.7,0.923162,87.5971,12.5415,747853
69.4,-0.0482081,565976,0.563551,-0.0197291,992817,1046.8,434013,8265.39,271608,0.373318,4513.25,31109.7,0.919967,87.4364,12.5124,746157
69.5,-0.0482081,565976,0.561301,-0.0197291,992814,1043.67,434013,8245.67,271609,0.37183,4500.5,31134.7,0.916781,87.2756,12.4834,744466
69.6,-0.0482081,565976,0.55906,-0.0197291,992812,1040.55,434014,8225.98,271610,0.370347,4487.77,31159.6,0.913605,87.1146,12.4545,742780
69.7,-0.0482081,565976,0.556828,-0.0197291,992809,1037.43,434014,8206.31,271612,0.36887,4475.06,31184.5,0.910437,86.9534,12.4256,741098
69.8,-0.0482081,565976,0.554605,-0.0197291,992807,1034.32,434014,8186.67,271613,0.3674,4462.37,31209.2,0.907278,86.7922,12.3968,739421
69.9,-0.0482081,565976,0.55239,-0.0197291,992804,1031.21,434014,8167.08,271615,0.365934,4449.73,31233.8,0.904131,86.6307,12.3681,737748
70,-0.0482081,565976,0.550184,-0.0197291,992802,1028.12,434014,8147.52,271616,0.364475,4437.11,31258.4,0.900995,86.4691,12.3395,736080
70.1,-0.0482081,565976,0.547986,-0.0197291,992799,1025.03,434014,8128,271618,0.363021,4424.52,31282.8,0.897868,86.3074,12.311,734417
70.2,-0.0482081,565976,0.545798,-0.0197291,992797,1021.95,434014,8108.5,271619,0.361573,4411.95,31307.2,0.89475,86.1456,12.2825,732758
70.3,-0.0482081,565976,0.543618,-0.0197291,992795,1018.88,434014,8089.03,271620,0.360131,4399.4,31331.5,0.891642,85.9836,12.2541,731104
70.4,-0.0482081,565976,0.541447,-0.0197291,992792,1015.81,434014,8069.59,271622,0.358694,4386.88,31355.7,0.888542,85.8215,12.2258,729454
70.5,-0.0482081,565976,0.539284,-0.0197291,992790,1012.75,434014,8050.18,271623,0.357263,4374.39,31379.8,0.885452,85.6593,12.1976,727809
70.6,-0.0482081,565976,0.53713,-0.0197291,992788,1009.69,434014,8030.8,271625,0.355838,4361.92,31403.9,0.882371,85.497,12.1694,726168
70.7,-0.0482081,565976,0.534985,-0.0197291,992785,1006.65,434014,8011.45,271626,0.354419,4349.47,31427.8,0.879299,85.3346,12.1414,724532
70.8,-0.0482081,565976,0.532848,-0.0197291,992783,1003.6,434014,7992.12,271627,0.353005,4337.05,31451.7,0.876236,85.1721,12.1134,722900
70.9,-0.0482081,565976,0.53072,-0.0197291,992781,1000.57,434014,7972.83,271629,0.351597,4324.65,31475.4,0.873182,85.0095,12.0854,721273
71,-0.0482081,565976,0.528601,-0.0197291,992778,997.543,434014,7953.56,271630,0.350194,4312.28,31499.1,0.870137,84.8467,12.0576,719650
71.1,-0.0482081,565976,0.52649,-0.0197291,992776,994.523,434014,7934.32,271632,0.348798,4299.93,31522.7,0.867101,84.6839,12.0298,718032
71.2,-0.0482081,565976,0.524387,-0.0197291,992774,991.509,434014,7915.12,271633,0.347406,4287.61,31546.2,0.864074,84.521,12.0022,716418
71.3,-0.0482081,565976,0.522292,-0.0197291,992771,988.501,434014,7895.94,271634,0.34602,4275.31,31569.7,0.861056,84.3581,11.9746,714809
71.4,-0.0482081,565976,0.520207,-0.0197291,992769,985.501,434014,7876.79,271636,0.34464,4263.04,31593,0.858048,84.195,11.947,713204
71.5,-0.0482081,565976,0.518129,-0.0197291,992767,982.507,434014,7857.67,271637,0.343265,4250.79,31616.3,0.855048,84.0318,11.9196,711603
71.6,-0.0482081,565976,0.51606,-0.0197291,992765,979.52,434014,7838.58,271638,0.341896,4238.56,31639.5,0.852057,83.8686,11.8922,710007
71.7,-0.0482081,565976,0.513999,-0.0197291,992762,976.54,434014,7819.52,271640,0.340532,4226.37,31662.6,0.849075,83.7053,11.8649,708415
71.8,-0.0482081,565976,0.511946,-0.0197291,992760,973.566,434014,7800.49,271641,0.339174,4214.19,31685.6,0.846102,83.5419,11.8377,706827
71.9,-0.0482081,565976,0.509901,-0.0197291,992758,970.6,434014,7781.49,271642,0.337821,4202.04,31708.5,0.843138,83.3785,11.8105,705244
72,-0.0482081,565976,0.507865,-0.0197291,992756,967.64,434014,7762.52,271644,0.336474,4189.92,31731.4,0.840183,83.215,11.7834,703666
72.1,-0.0482081,565976,0.505837,-0.0197291,992753,964.686,434014,7743.58,271645,0.335132,4177.82,31754.2,0.837236,83.0514,11.7565,702091
72.2,-0.0482081,565976,0.503817,-0.0197291,992751,961.739,434014,7724.67,271646,0.333795,4165.74,31776.8,0.834299,82.8878,11.7295,700521
