x, y
21.93895870736086, -0.10256410256410256
29.407540394973072, 0.05128205128205128
21.4721723518851, 1.5384615384615383
15.40394973070018, 1.5897435897435896
3.2675044883303412, 1.0256410256410255
7.001795332136445, 1.5384615384615383
10.269299820466786, 1.8974358974358974
13.070017953321365, 2.2564102564102564
14.937163375224417, 2.769230769230769
21.005385996409338, 2.6153846153846154
25.206463195691203, 2.5128205128205128
25.206463195691203, 2.5128205128205128
0.933572710951526, 3.4871794871794872
4.667863554757631, 3.4871794871794872
7.935368043087972, 3.128205128205128
34.0754039497307, 1.5897435897435896
41.077199281867145, 1.435897435897436
49.01256732495512, 1.5897435897435896
44.34470377019749, 0.10256410256410256
52.28007181328546, -0.05128205128205128
58.815080789946144, 0.923076923076923
70.01795332136446, 0.923076923076923
94.7576301615799, 1.5897435897435896
131.16696588868942, 2.3076923076923075
168.50987432675046, 2.769230769230769
163.84201077199282, 3.282051282051282
174.1113105924596, 3.5897435897435894
194.1831238779174, 3.7948717948717947
209.5870736086176, 4
217.52244165170558, 3.5384615384615383
206.78635547576303, 1.5384615384615383
173.64452423698384, 4.512820512820513
175.5116696588869, 5.333333333333333
183.91382405745063, 6.153846153846153
165.70915619389586, 4.9743589743589745
168.50987432675046, 5.333333333333333
161.97486535008977, 5.230769230769231
156.84021543985637, 4.769230769230769
141.90305206463196, 4.256410256410256
135.83482944344703, 4.717948717948718
133.50089766606823, 5.333333333333333
130.2333931777379, 5.230769230769231
123.6983842010772, 6.205128205128205
119.9640933572711, 6.153846153846153
120.43087971274686, 4.3076923076923075
116.69658886894075, 4.153846153846153
99.42549371633753, 4.615384615384615
94.7576301615799, 3.846153846153846
87.28904847396768, 2.717948717948718
89.6229802513465, 3.846153846153846
87.75583482944344, 4.256410256410256
84.02154398563735, 4.41025641025641
79.82046678635548, 4.461538461538462
84.48833034111311, 3.692307692307692
84.02154398563735, 3.230769230769231
79.35368043087972, 3.333333333333333
76.55296229802514, 3.0769230769230766
69.08438061041292, 3.230769230769231
67.68402154398564, 2.6666666666666665
66.75044883303411, 2.358974358974359
67.68402154398564, 1.846153846153846
62.08258527827648, 2.871794871794872
73.28545780969479, 3.3846153846153846
71.41831238779174, 3.9487179487179485
58.348294434470375, 3.7948717948717947
60.68222621184919, 4.102564102564102
61.14901256732496, 4.512820512820513
52.28007181328546, 4.461538461538462
49.946140035906645, 4.153846153846153
45.745062836624776, 3.7948717948717947
49.946140035906645, 3.4358974358974357
53.21364452423698, 3.0769230769230766
49.01256732495512, 2.6153846153846154
53.680430879712745, 2
57.881508078994614, 1.846153846153846
56.01436265709156, 2.2564102564102564
51.34649910233393, 2.358974358974359
42.47755834829444, 2.564102564102564
38.27648114901257, 2
35.94254937163375, 2.564102564102564
33.141831238779176, 2.564102564102564
36.876122082585276, 3.128205128205128
43.41113105924596, 3.0769230769230766
67.68402154398564, 4.564102564102564
74.21903052064633, 4.615384615384615
80.28725314183124, 5.128205128205128
84.48833034111311, 5.128205128205128
87.28904847396768, 4.666666666666666
166.17594254937163, 5.846153846153846
158.24057450628368, 5.897435897435897
160.10771992818673, 6.666666666666666
151.23877917414723, 6.871794871794871
161.97486535008977, 7.282051282051282
163.84201077199282, 7.589743589743589
170.84380610412927, 7.948717948717948
169.443447037702, 7.282051282051282
166.6427289048474, 6.9230769230769225
155.43985637342908, 9.948717948717949
115.76301615798923, 10.41025641025641
117.16337522441653, 11.128205128205128
98.491921005386, 11.333333333333332
84.02154398563735, 9.794871794871794
92.42369838420107, 5.384615384615384
96.15798922800718, 5.948717948717949
100.35906642728905, 6.102564102564102
98.491921005386, 6.82051282051282
105.02692998204668, 6.615384615384615
107.82764811490127, 6.9743589743589745
106.42728904847397, 6.3076923076923075
105.49371633752244, 7.897435897435897
114.8294434470377, 8.051282051282051
97.55834829443447, 8.35897435897436
87.75583482944344, 8.256410256410255
81.22082585278277, 7.589743589743589
77.48653500897666, 7.230769230769231
77.0197486535009, 6.564102564102564
74.21903052064633, 6.615384615384615
74.21903052064633, 6.615384615384615
70.01795332136446, 7.128205128205128
67.68402154398564, 7.589743589743589
70.95152603231598, 7.897435897435897
66.28366247755835, 10
76.55296229802514, 11.538461538461538
57.881508078994614, 10.102564102564102
59.281867145421906, 8.923076923076923
51.8132854578097, 9.333333333333332
45.278276481149014, 10.769230769230768
27.54039497307002, 11.58974358974359
20.538599640933572, 12
20.538599640933572, 12.974358974358974
14.937163375224417, 12.87179487179487
12.603231597845602, 13.282051282051281
14.937163375224417, 14.256410256410255
25.673249551166965, 13.897435897435898
31.274685816876122, 13.794871794871794
1.867145421903052, 10.82051282051282
6.5350089766606825, 10
13.536804308797128, 10.871794871794872
19.605026929982046, 11.025641025641026
19.605026929982046, 11.025641025641026
24.272890484739676, 11.025641025641026
27.54039497307002, 10.82051282051282
27.54039497307002, 10.461538461538462
16.80430879712747, 11.23076923076923
31.274685816876122, 10
34.54219030520646, 9.846153846153847
38.74326750448833, 9.794871794871794
42.010771992818675, 9.794871794871794
20.538599640933572, 10.205128205128204
24.272890484739676, 10.153846153846153
29.407540394973072, 3.3846153846153846
29.407540394973072, 3.3846153846153846
34.54219030520646, 3.4871794871794872
35.94254937163375, 3.9487179487179485
35.94254937163375, 4.512820512820513
40.61041292639138, 4.615384615384615
42.9443447037702, 4.205128205128205
42.010771992818675, 3.4871794871794872
42.010771992818675, 3.846153846153846
52.28007181328546, 7.179487179487179
59.281867145421906, 7.384615384615384
60.68222621184919, 7.692307692307692
62.08258527827648, 8
56.01436265709156, 8.102564102564102
54.14721723518851, 7.692307692307692
64.41651705565529, 6.9230769230769225
60.21543985637343, 6.871794871794871
62.08258527827648, 6.41025641025641
73.28545780969479, 6
70.01795332136446, 6
70.01795332136446, 5.589743589743589
39.21005385996409, 8.82051282051282
48.54578096947935, 7.897435897435897
45.745062836624776, 8.307692307692307
45.278276481149014, 7.487179487179487
45.745062836624776, 6.9230769230769225
5.6014362657091565, 8.307692307692307
1.4003590664272891, 8.102564102564102
1.4003590664272891, 7.384615384615384
5.134649910233393, 4.358974358974359
7.935368043087972, 3.9487179487179485
10.73608617594255, 3.9487179487179485
15.40394973070018, 3.692307692307692
15.40394973070018, 3.692307692307692
18.671454219030522, 3.641025641025641
22.405745062836626, 3.4871794871794872
27.073608617594257, 3.692307692307692
29.874326750448834, 4.3076923076923075
31.741472172351887, 4.615384615384615
29.407540394973072, 5.076923076923077
30.80789946140036, 5.538461538461538
30.341113105924595, 5.948717948717949
31.274685816876122, 6.358974358974359
31.274685816876122, 6.666666666666666
31.741472172351887, 6.9743589743589745
33.141831238779176, 7.282051282051282
33.141831238779176, 7.692307692307692
31.274685816876122, 8.051282051282051
35.00897666068223, 8.307692307692307
35.00897666068223, 8.307692307692307
37.809694793536806, 8.615384615384615
37.809694793536806, 8.615384615384615
41.54398563734291, 8.153846153846153
41.54398563734291, 8.153846153846153
38.27648114901257, 7.6410256410256405
38.27648114901257, 7.6410256410256405
38.27648114901257, 7.128205128205128
42.010771992818675, 6.666666666666666
42.9443447037702, 6.461538461538462
44.34470377019749, 6.3076923076923075
44.34470377019749, 6.3076923076923075
52.74685816876122, 6.512820512820513
53.21364452423698, 6.051282051282051
64.88330341113107, 4.9743589743589745
56.48114901256733, 4.871794871794871
10.73608617594255, 6.205128205128205
12.603231597845602, 6.666666666666666
14.470377019748653, 7.128205128205128
15.40394973070018, 7.435897435897435
17.27109515260323, 8.102564102564102
20.07181328545781, 8.717948717948717
22.872531418312388, 9.23076923076923
22.872531418312388, 9.23076923076923
25.673249551166965, 9.794871794871794
11.669658886894076, 10.461538461538462
12.136445242369838, 10.102564102564102
15.40394973070018, 10
17.737881508078996, 9.794871794871794
21.005385996409338, 9.58974358974359
8.868940754039498, 9.64102564102564
8.868940754039498, 9.025641025641026
8.868940754039498, 9.025641025641026
10.269299820466786, 8.615384615384615
7.935368043087972, 8.564102564102564
7.935368043087972, 8.564102564102564
7.468581687612208, 8
3.2675044883303412, 7.897435897435897
6.068222621184919, 7.487179487179487
3.2675044883303412, 6.769230769230769
1.4003590664272891, 6.256410256410256
8.868940754039498, 5.282051282051282
13.536804308797128, 5.384615384615384
13.070017953321365, 4.9743589743589745
8.402154398563734, 4.666666666666666
4.667863554757631, 4.923076923076923
8.402154398563734, 4.666666666666666
12.603231597845602, 4.512820512820513
16.80430879712747, 4.205128205128205
19.138240574506284, 4.051282051282051
26.14003590664273, 4.051282051282051
23.339317773788153, 4.153846153846153
25.673249551166965, 4.615384615384615
25.673249551166965, 5.230769230769231
25.673249551166965, 5.794871794871795
29.874326750448834, 9.128205128205128
34.54219030520646, 9.179487179487179
60.68222621184919, 5.589743589743589
59.281867145421906, 6
49.946140035906645, 5.794871794871795
48.07899461400359, 5.384615384615384
48.07899461400359, 4.871794871794871
46.678635547576306, 4.615384615384615
31.741472172351887, 4.615384615384615
35.94254937163375, 4.512820512820513
16.80430879712747, 4.923076923076923
20.07181328545781, 5.17948717948718
20.07181328545781, 5.6410256410256405
20.07181328545781, 6.153846153846153
20.07181328545781, 6.564102564102564
17.27109515260323, 6.051282051282051
12.603231597845602, 5.846153846153846
15.870736086175944, 5.538461538461538
23.339317773788153, 5.487179487179487
32.208258527827645, 5.17948717948718
35.94254937163375, 5.6410256410256405
35.94254937163375, 4.9743589743589745
38.74326750448833, 5.128205128205128
38.74326750448833, 5.435897435897436
35.94254937163375, 5.6410256410256405
25.673249551166965, 8.564102564102564
25.673249551166965, 8.974358974358974
32.675044883303414, 8.769230769230768
16.80430879712747, 9.23076923076923
12.603231597845602, 9.435897435897436
13.536804308797128, 9.076923076923077
19.138240574506284, 9.23076923076923
19.138240574506284, 9.23076923076923
18.671454219030522, 10.666666666666666
15.870736086175944, 8.923076923076923
14.470377019748653, 8.615384615384615
12.603231597845602, 8.307692307692307
10.73608617594255, 7.948717948717948
23.806104129263915, 7.948717948717948
28.00718132854578, 8.205128205128204
28.940754039497307, 8.717948717948717
21.93895870736086, 8.41025641025641
28.00718132854578, 9.487179487179487
42.010771992818675, 7.179487179487179
41.077199281867145, 7.6410256410256405