Time,Prey,Predator
0.1,9.08673,5.28486
0.2,8.16862,5.53513
0.3,7.27561,5.74493
0.4,6.43153,5.91105
0.5,5.65269,6.03274
0.6,4.94862,6.11131
0.7,4.32231,6.14982
0.8,3.77245,6.15223
0.9,3.29429,6.12316
1,2.88224,6.06705
1.1,2.52888,5.98845
1.2,2.22615,5.89175
1.3,1.96796,5.78038
1.4,1.74809,5.65755
1.5,1.56012,5.52627
1.6,1.39975,5.38871
1.7,1.26344,5.24662
1.8,1.14656,5.10197
1.9,1.04622,4.95603
2,0.960901,4.80961
2.1,0.88759,4.66385
2.2,0.824109,4.5196
2.3,0.770057,4.37709
2.4,0.723712,4.23692
2.5,0.683792,4.09952
2.6,0.649652,3.9651
2.7,0.620411,3.83389
2.8,0.595642,3.70601
2.9,0.574721,3.58158
3,0.557271,3.46066
3.1,0.542951,3.3433
3.2,0.531458,3.22949
3.3,0.52255,3.11924
3.4,0.516013,3.01253
3.5,0.511701,2.9093
3.6,0.509476,2.80953
3.7,0.509246,2.71315
3.8,0.510941,2.6201
3.9,0.514523,2.53031
4,0.519967,2.4437
4.1,0.52725,2.36021
4.2,0.536386,2.27976
4.3,0.547412,2.20228
4.4,0.560373,2.12768
4.5,0.575313,2.05589
4.6,0.592305,1.98685
4.7,0.611437,1.92049
4.8,0.63282,1.85671
4.9,0.656585,1.79547
5,0.682882,1.73668
5.1,0.711874,1.68028
5.2,0.743746,1.6262
5.3,0.778701,1.57438
5.4,0.816959,1.52478
5.5,0.858758,1.47733
5.6,0.90436,1.43199
5.7,0.954078,1.3887
5.8,1.00824,1.34742
5.9,1.0672,1.30811
6,1.13133,1.27072
6.1,1.20107,1.23523
6.2,1.27687,1.20161
6.3,1.35924,1.16984
6.4,1.44867,1.13988
6.5,1.54578,1.11174
6.6,1.65121,1.08539
6.7,1.76563,1.06084
6.8,1.88975,1.03807
6.9,2.02437,1.01712
7,2.17033,0.997985
7.1,2.32852,0.980709
7.2,2.49988,0.965319
7.3,2.6854,0.951868
7.4,2.88613,0.940426
7.5,3.10318,0.931066
7.6,3.33772,0.92387
7.7,3.59088,0.918957
7.8,3.8638,0.916482
7.9,4.15771,0.916605
8,4.47385,0.919499
8.1,4.81329,0.925398
8.2,5.17674,0.934636
8.3,5.56504,0.94754
8.4,5.97901,0.964469
8.5,6.41911,0.985862
8.6,6.8848,1.01233
8.7,7.3757,1.04449
8.8,7.89054,1.08309
8.9,8.42721,1.12898
9,8.98303,1.18313
9.1,9.55271,1.2469
9.2,10.1301,1.32178
9.3,10.7074,1.40937
9.4,11.2747,1.51138
9.5,11.8207,1.6297
9.6,12.3305,1.76645
9.7,12.7872,1.92393
9.8,13.172,2.10431
9.9,13.4645,2.30938
10,13.6426,2.54094
10.1,13.688,2.79903
10.2,13.5852,3.08256
10.3,13.3245,3.3888
10.4,12.9045,3.7129
10.5,12.3338,4.0478
10.6,11.6309,4.38471
10.7,10.8224,4.71379
10.8,9.94172,5.02476
10.9,9.02433,5.30816
11,8.10447,5.55617
11.1,7.21228,5.76313
11.2,6.37091,5.9261
11.3,5.59646,6.04448
11.4,4.89744,6.11988
11.5,4.27669,6.15538
11.6,3.73245,6.15506
11.7,3.25959,6.1236
11.8,2.85191,6.06556
11.9,2.50216,5.98542
12,2.20296,5.88731
12.1,1.9477,5.77483
12.2,1.73012,5.65117
12.3,1.5446,5.51909
12.4,1.38644,5.38086
12.5,1.2515,5.23843
12.6,1.13613,5.09342
12.7,1.03744,4.94713
12.8,0.952913,4.80065
12.9,0.880365,4.65486
13,0.81809,4.51046
13.1,0.764637,4.36801
13.2,0.718731,4.22796
13.3,0.679337,4.09065
13.4,0.645592,3.95637
13.5,0.616775,3.8253
13.6,0.592319,3.69759
13.7,0.571696,3.57334
13.8,0.554515,3.45261
13.9,0.540432,3.33544
14,0.529138,3.22184
14.1,0.520413,3.11179
14.2,0.51405,3.00527
14.3,0.509894,2.90225
14.4,0.507828,2.80267
14.5,0.507749,2.70648
14.6,0.509596,2.61361
14.7,0.513319,2.52401
14.8,0.51889,2.43758
14.9,0.526306,2.35427
15,0.535575,2.27399
15.1,0.546726,2.19668
15.2,0.559804,2.12225
15.3,0.57487,2.05064
15.4,0.592002,1.98175
15.5,0.611294,1.91554
15.6,0.632856,1.85191
15.7,0.656816,1.7908
15.8,0.683318,1.73215
15.9,0.712527,1.67588
16,0.744625,1.62194
16.1,0.779812,1.57027
16.2,0.818303,1.5208
16.3,0.860356,1.47348
16.4,0.906254,1.42827
16.5,0.956294,1.3851
16.6,1.01079,1.34395
16.7,1.07011,1.30475
16.8,1.13465,1.26749
16.9,1.20482,1.23212
17,1.28107,1.19862
17.1,1.36388,1.16697
17.2,1.45383,1.13714
17.3,1.5515,1.10911
17.4,1.65752,1.08289
17.5,1.77254,1.05846
17.6,1.89733,1.03582
17.7,2.03269,1.01499
17.8,2.17946,0.99599
17.9,2.33853,0.978832
18,2.51084,0.963561
18.1,2.69742,0.950236
18.2,2.89933,0.938914
18.3,3.11769,0.929665
18.4,3.35363,0.922583
18.5,3.60829,0.917804
18.6,3.88288,0.915464
18.7,4.17864,0.915712
18.8,4.49681,0.918731
18.9,4.8382,0.924816
19,5.20379,0.934258
19.1,5.59447,0.947381
19.2,6.01074,0.964582
19.3,6.45308,0.986291
19.4,6.92162,1.01301
19.5,7.4152,1.04549
19.6,7.93249,1.08451
19.7,8.47147,1.13096
19.8,9.02832,1.18595
19.9,9.59876,1.25065
20,10.1771,1.32642
20.1,10.7546,1.41495
20.2,11.3215,1.51805
20.3,11.866,1.63769
20.4,12.3727,1.776
20.5,12.8246,1.93529
20.6,13.2027,2.11783
20.7,13.4865,2.32527
20.8,13.6551,2.55903
20.9,13.6902,2.81911
21,13.5758,3.10464
21.1,13.3027,3.41271
21.2,12.8693,3.73841
21.3,12.288,4.07378
21.4,11.5766,4.41036
21.5,10.7615,4.73849
21.6,9.8763,5.04787
21.7,8.95758,5.3289
21.8,8.03892,5.57402
21.9,7.14973,5.77787
22,6.31295,5.93754
22.1,5.54357,6.05276
22.2,4.8498,6.12522
22.3,4.23409,6.15807
22.4,3.69444,6.15544
22.5,3.22595,6.12192
22.6,2.8222,6.06212
22.7,2.47602,5.98048
22.8,2.18018,5.88108
22.9,1.92788,5.76754
23,1.71291,5.64302
23.1,1.52977,5.51024
23.2,1.37364,5.37149
23.3,1.24041,5.22868
23.4,1.12654,5.08343
23.5,1.02913,4.93699
23.6,0.945639,4.79046
23.7,0.873978,4.6447
23.8,0.812507,4.50035
23.9,0.75965,4.35803
24,0.714263,4.21814
24.1,0.675351,4.08101
24.2,0.642006,3.94693
24.3,0.613603,3.81605
24.4,0.589495,3.68855
24.5,0.569191,3.56451
24.6,0.552305,3.444
24.7,0.538456,3.32705
24.8,0.527388,3.21368
24.9,0.518856,3.10386
25,0.512668,2.99757
25.1,0.508685,2.89477
25.2,0.506772,2.79542
25.3,0.506843,2.69945
25.4,0.508831,2.60681
25.5,0.512684,2.51741
25.6,0.518385,2.4312
25.7,0.525924,2.3481
25.8,0.535315,2.26803
25.9,0.54659,2.19091
26,0.559791,2.11668
26.1,0.574984,2.04525
26.2,0.592246,1.97655
26.3,0.611671,1.91051
26.4,0.63337,1.84706
26.5,0.657471,1.78613
26.6,0.684122,1.72764
26.7,0.713489,1.67154
26.8,0.745755,1.61775
26.9,0.781118,1.56623
27,0.819814,1.51691
27.1,0.862093,1.46973
27.2,0.908227,1.42466
27.3,0.958506,1.38163
27.4,1.01327,1.3406
27.5,1.0729,1.30154
27.6,1.13776,1.2644
27.7,1.20829,1.22915
27.8,1.28495,1.19576
27.9,1.36826,1.16421
28,1.45875,1.13449
28.1,1.557,1.10656
28.2,1.66366,1.08043
28.3,1.77943,1.05609
28.4,1.90504,1.03355
28.5,2.04127,1.01281
28.6,2.18898,0.993895
28.7,2.34907,0.976841
28.8,2.52251,0.961681
28.9,2.71028,0.948461
29,2.91346,0.937253
29.1,3.13313,0.928142
29.2,3.37046,0.921222
29.3,3.62665,0.916595
29.4,3.90281,0.914426
29.5,4.20006,0.914898
29.6,4.51958,0.918203
29.7,4.86256,0.924559
29.8,5.22983,0.934276
29.9,5.62212,0.947701
30,6.04023,0.965199
30.1,6.48483,0.987175
30.2,6.95531,1.01427
30.3,7.45066,1.04722
30.4,7.9696,1.08679
30.5,8.50974,1.13387
30.6,9.06822,1.18945
30.7,9.63997,1.25482
30.8,10.2187,1.33145
30.9,10.7963,1.42098
31,11.3624,1.52523
31.1,11.9048,1.64621
31.2,12.4082,1.78608
31.3,12.8554,1.94716
31.4,13.2272,2.13149
31.5,13.5029,2.34095
31.6,13.6614,2.57688
31.7,13.6856,2.83896
31.8,13.5607,3.126
31.9,13.2768,3.43524
32,12.8346,3.76134
32.1,12.2437,4.09712
32.2,11.5238,4.43359
32.3,10.7026,4.76078
32.4,9.81368,5.06857
32.5,8.89322,5.34748
32.6,7.97465,5.59008
32.7,7.08737,5.79106
32.8,6.25398,5.94773
32.9,5.48912,6.05988
33,4.80082,6.1293
33.1,4.19095,6.15931
33.2,3.65723,6.15409
33.3,3.19435,6.11833
33.4,2.79567,6.05666
33.5,2.45389,5.9735
33.6,2.16167,5.87295
33.7,1.9125,5.75851
33.8,1.70006,5.63335
33.9,1.51887,5.50016
34,1.36453,5.3611
34.1,1.23275,5.21812
34.2,1.11995,5.07281
34.3,1.02363,4.92635
34.4,0.941074,4.77985
34.5,0.870035,4.63421
34.6,0.809254,4.49
34.7,0.75714,4.3478
34.8,0.712277,4.20809
34.9,0.673783,4.07118
35,0.64085,3.93731
35.1,0.612768,3.80669
35.2,0.588935,3.67945
35.3,0.568878,3.55568
35.4,0.552178,3.43545
35.5,0.538504,3.31879
35.6,0.527583,3.2057
35.7,0.519177,3.09616
35.8,0.513114,2.99016
35.9,0.509242,2.88763
36,0.507438,2.78855
36.1,0.50762,2.69284
36.2,0.509716,2.60045
36.3,0.513685,2.5113
36.4,0.519506,2.42533
36.5,0.52717,2.34246
36.6,0.536694,2.26261
36.7,0.548105,2.18571
36.8,0.561451,2.11169
36.9,0.576797,2.04047
37,0.59422,1.97197
37.1,0.613817,1.90613
37.2,0.635699,1.84286
37.3,0.659997,1.78211
37.4,0.686861,1.7238
37.5,0.716454,1.66787
37.6,0.74896,1.61425
37.7,0.784584,1.56289
37.8,0.823562,1.51373
37.9,0.866144,1.46671
38,0.912599,1.42179
38.1,0.963226,1.37891
38.2,1.01838,1.33803
38.3,1.07841,1.29911
38.4,1.14372,1.26211
38.5,1.21472,1.227
38.6,1.2919,1.19375
38.7,1.37577,1.16234
38.8,1.46686,1.13275
38.9,1.56575,1.10496
39,1.67311,1.07897
39.1,1.78964,1.05476
39.2,1.91607,1.03236
39.3,2.05318,1.01176
39.4,2.20183,0.992992
39.5,2.36294,0.976085
39.6,2.53746,0.961077
39.7,2.72641,0.948013
39.8,2.93083,0.936968
39.9,3.15184,0.928029
40,3.39059,0.921289
40.1,3.64829,0.916854
40.2,3.92604,0.914888
40.3,4.22495,0.91558
40.4,4.5462,0.919128
40.5,4.89098,0.92575
40.6,5.26016,0.935751
40.7,5.6544,0.949495
40.8,6.07447,0.967357
40.9,6.52044,0.989838
41,6.99203,1.01752
41.1,7.48876,1.05102
41.2,8.00885,1.09117
41.3,8.54991,1.1389
41.4,9.10888,1.19524
41.5,9.68035,1.2615
41.6,10.2581,1.33912
41.7,10.8342,1.42971
41.8,11.3976,1.53518
41.9,11.9358,1.65757
42,12.4342,1.79904
42.1,12.8749,1.96168
42.2,13.2384,2.1478
42.3,13.5046,2.35914
42.4,13.6539,2.59653
42.5,13.6678,2.86004
42.6,13.531,3.14851
42.7,13.2366,3.45856
42.8,12.7847,3.78495
42.9,12.1858,4.12039
43,11.459,4.456
43.1,10.6335,4.7816
43.2,9.74182,5.08735
43.3,8.82013,5.36384
43.4,7.90173,5.60375
43.5,7.0181,5.80139
43.6,6.1921,5.95409
43.7,5.43503,6.06258
43.8,4.75432,6.12871
43.9,4.15099,6.15599
44,3.6223,6.14868
44.1,3.16488,6.11091
44.2,2.7701,6.04781
44.3,2.43181,5.96349
44.4,2.14268,5.86199
44.5,1.89627,5.74681
44.6,1.68631,5.62109
44.7,1.50743,5.48745
44.8,1.35493,5.34815
44.9,1.22474,5.20504
45,1.11342,5.05966
45.1,1.01819,4.91327
45.2,0.93672,4.76688
45.3,0.866836,4.62135
45.4,0.806797,4.47737
45.5,0.755264,4.33546
45.6,0.710959,4.19605
45.7,0.672932,4.05947
45.8,0.640418,3.92594
45.9,0.612643,3.79568
46,0.589072,3.6688
46.1,0.569222,3.54541
46.2,0.55272,3.42554
46.3,0.539249,3.30923
46.4,0.528526,3.19648
46.5,0.520386,3.08726
46.6,0.514614,2.98157
46.7,0.511026,2.87935
46.8,0.509446,2.78058
46.9,0.509848,2.68519
47,0.512191,2.5931
47.1,0.516412,2.50425
47.2,0.522449,2.41857
47.3,0.530299,2.336
47.4,0.540019,2.25645
47.5,0.551633,2.17984
47.6,0.565205,2.10609
47.7,0.580797,2.03513
47.8,0.598478,1.96689
47.9,0.618362,1.9013
48,0.640547,1.83828
48.1,0.665162,1.77777
48.2,0.692375,1.71969
48.3,0.722329,1.66398
48.4,0.75523,1.61059
48.5,0.791287,1.55945
48.6,0.830703,1.5105
48.7,0.873755,1.46369
48.8,0.920726,1.41897
48.9,0.971923,1.37629
49,1.02767,1.33561
49.1,1.08835,1.29688
49.2,1.15436,1.26008
49.3,1.22614,1.22516
49.4,1.30413,1.1921
49.5,1.38885,1.16088
49.6,1.48088,1.13148
49.7,1.58083,1.10389
49.8,1.68932,1.07809
49.9,1.80702,1.05408
50,1.93473,1.03187
50.1,2.07322,1.01148
50.2,2.22337,0.992924
50.3,2.38604,0.976235
50.4,2.56221,0.961454
50.5,2.75289,0.948646
50.6,2.95916,0.937875
50.7,3.18212,0.929214
50.8,3.42293,0.922758
50.9,3.68268,0.918658
51,3.96254,0.917062
51.1,4.26374,0.91813
51.2,4.58752,0.922044
51.3,4.93476,0.929087
51.4,5.30637,0.939565
51.5,5.70327,0.953803
51.6,6.12578,0.97224
51.7,6.57403,0.995373
51.8,7.04802,1.02374
51.9,7.54659,1.05807
52,8.06811,1.09915
52.1,8.61053,1.14788
52.2,9.16968,1.2054
52.3,9.74055,1.27301
52.4,10.3172,1.35211
52.5,10.8903,1.44442
52.6,11.4491,1.55182
52.7,11.9815,1.67637
52.8,12.4717,1.82013
52.9,12.9019,1.98536
53,13.2525,2.17433
53.1,13.5044,2.38833
53.2,13.6371,2.62839
53.3,13.6331,2.89436
53.4,13.4777,3.1849
53.5,13.165,3.49631
53.6,12.6965,3.82317
53.7,12.0835,4.15799
53.8,11.3463,4.49181
53.9,10.5145,4.81438
54,9.62067,5.11613
54.1,8.70152,5.38764
54.2,7.7922,5.62136
54.3,6.91942,5.81289
54.4,6.10268,5.96035
54.5,5.35546,6.06389
54.6,4.68412,6.12565
54.7,4.09047,6.14892
54.8,3.57116,6.13808
54.9,3.12072,6.09774
55,2.73299,6.03235
55.1,2.40089,5.94621
55.2,2.11713,5.84333
55.3,1.87491,5.72725
55.4,1.66844,5.60092
55.5,1.49246,5.46693
55.6,1.34258,5.32742
55.7,1.21445,5.18432
55.8,1.10435,5.03923
55.9,1.01008,4.8932
56,0.929881,4.74708
56.1,0.861274,4.60185
56.2,0.802178,4.45828
56.3,0.751286,4.31686
56.4,0.707463,4.17797
56.5,0.66988,4.0419
56.6,0.637806,3.90888
56.7,0.610401,3.77914
56.8,0.587147,3.65279
56.9,0.567853,3.52984
57,0.551993,3.41039
57.1,0.5387,3.29462
57.2,0.527836,3.18249
57.3,0.519797,3.07379
57.4,0.514265,2.96854
57.5,0.510871,2.86679
57.6,0.509618,2.76844
57.7,0.510227,2.67347
57.8,0.512644,2.58184
57.9,0.517134,2.49338
58,0.523295,2.40812
58.1,0.531201,2.32596
58.2,0.541179,2.24676
58.3,0.552899,2.17053
58.4,0.566678,2.09713
58.5,0.582676,2.02647
58.6,0.600426,1.9586
58.7,0.620592,1.89332
58.8,0.643215,1.83056
58.9,0.667829,1.77042
59,0.69548,1.71259
59.1,0.725889,1.65714
59.2,0.758782,1.60411
59.3,0.795482,1.55316
59.4,0.835332,1.50446
59.5,0.87847,1.458
59.6,0.926309,1.41342
59.7,0.977893,1.37101
59.8,1.03392,1.33063
59.9,1.09563,1.29203
60,1.16202,1.25552
60.1,1.23434,1.22085
60.2,1.31355,1.1879
60.3,1.39905,1.15692
60.4,1.49189,1.12776
60.5,1.59284,1.10036
60.6,1.70239,1.07477
60.7,1.82124,1.05097
60.8,1.95018,1.02898
60.9,2.09003,1.00879
61,2.24164,0.990442
61.1,2.4059,0.973968
61.2,2.5838,0.959409
61.3,2.77635,0.94682
61.4,2.98464,0.936271
61.5,3.20979,0.92785
61.6,3.45294,0.92166
61.7,3.71526,0.917822
61.8,3.99788,0.916496
61.9,4.30191,0.917876
62,4.62853,0.922167
62.1,4.97886,0.929603
62.2,5.35365,0.940513
62.3,5.75346,0.955278
62.4,6.17894,0.974296
62.5,6.63057,0.998011
62.6,7.10771,1.02706
62.7,7.60939,1.06214
62.8,8.13416,1.10406
62.9,8.67909,1.15379
63,9.24078,1.21241
63.1,9.81371,1.28126
63.2,10.391,1.36186
63.3,10.964,1.45592
63.4,11.5215,1.56532
63.5,12.0505,1.69212
63.6,12.5353,1.83846
63.7,12.9578,2.00662
63.8,13.2987,2.19858
63.9,13.5376,2.41588
64,13.6533,2.65974
64.1,13.6302,2.92936
64.2,13.4552,3.22295
64.3,13.1215,3.53707
64.4,12.6323,3.86587
64.5,12.0004,4.20158
64.6,11.2483,4.53481
64.7,10.4056,4.85555
64.8,9.50685,5.15384
64.9,8.58792,5.42077
65,7.68021,5.64973
65.1,6.81099,5.83623
65.2,6.00122,5.97821
65.3,5.26235,6.07634
65.4,4.60049,6.13288
65.5,4.01718,6.15122
65.6,3.50742,6.1361
65.7,3.06536,6.09218
65.8,2.68525,6.02375
65.9,2.35973,5.93515
66,2.08184,5.83024
66.1,1.84475,5.71252
66.2,1.64284,5.5849
66.3,1.47056,5.45
66.4,1.32381,5.30985
66.5,1.19827,5.16634
66.6,1.09116,5.02081
66.7,0.999198,4.8746
66.8,0.920591,4.72856
66.9,0.852895,4.58361
67,0.794957,4.44026
67.1,0.744999,4.29913
67.2,0.702256,4.16051
67.3,0.665482,4.02481
67.4,0.634124,3.89217
67.5,0.60735,3.76284
67.6,0.584729,3.63689
67.7,0.565729,3.51444
67.8,0.549975,3.39552
67.9,0.537192,3.28016
68,0.5271,3.16835
68.1,0.519487,3.06008
68.2,0.514161,2.95533
68.3,0.511013,2.85403
68.4,0.509901,2.75615
68.5,0.510765,2.66162
68.6,0.513538,2.57038
68.7,0.518166,2.48236
68.8,0.524661,2.39748
68.9,0.533005,2.31569
69,0.543203,2.23689
69.1,0.555324,2.16102
69.2,0.569403,2.08799
69.3,0.585501,2.01774
69.4,0.60373,1.95018
69.5,0.624172,1.88526
69.6,0.646943,1.82288
69.7,0.672202,1.763
69.8,0.700077,1.70554
69.9,0.730736,1.65043
70,0.764392,1.59761
70.1,0.80126,1.54703
70.2,0.841576,1.49863
70.3,0.885603,1.45235
70.4,0.933626,1.40815
70.5,0.985949,1.36598
70.6,1.04291,1.3258
70.7,1.1049,1.28756
70.8,1.17231,1.25124
70.9,1.24559,1.2168
71,1.32522,1.18422
71.1,1.41174,1.15346
71.2,1.50569,1.12452
71.3,1.6077,1.09738
71.4,1.71842,1.07203
71.5,1.83858,1.04848
71.6,1.96892,1.02673
71.7,2.11025,1.0068
71.8,2.26344,0.988706
71.9,2.42941,0.972492
72,2.60915,0.958199
72.1,2.8037,0.94588
72.2,3.01413,0.935607
72.3,3.2415,0.927478
72.4,3.48696,0.921603
72.5,3.75169,0.918109
72.6,4.0369,0.917141
72.7,4.34387,0.918869
72.8,4.67358,0.923531
72.9,5.02695,0.931402
73,5.40496,0.942783
73.1,5.80847,0.95802
73.2,6.23767,0.977573
73.3,6.69257,1.00196
73.4,7.17294,1.03176
73.5,7.67801,1.06765
73.6,8.20568,1.11049
73.7,8.75335,1.16122
73.8,9.31763,1.2209
73.9,9.89321,1.29087
74,10.4721,1.37285
74.1,11.0448,1.46871
74.2,11.6002,1.58037
74.3,12.1245,1.70985
74.4,12.6017,1.85935
74.5,13.0144,2.03085
74.6,13.3431,2.22627
74.7,13.567,2.44721
74.8,13.6676,2.69422
74.9,13.6259,2.96723
75,13.429,3.26434
75.1,13.0732,3.58126
75.2,12.5626,3.91197
75.3,11.912,4.24825
75.4,11.1443,4.58082
75.5,10.2905,4.89945
75.6,9.38539,5.19432
75.7,8.46529,5.45656
75.8,7.56123,5.67988
75.9,6.69931,5.86033
76,5.89883,5.99624
76.1,5.17134,6.08836
76.2,4.5207,6.13946
76.3,3.94633,6.15336
76.4,3.44483,6.13434
76.5,3.01152,6.08679
76.6,2.63868,6.01543
76.7,2.3195,5.9244
76.8,2.04728,5.81751
76.9,1.81509,5.69823
77,1.6174,5.5694
77.1,1.44883,5.43357
77.2,1.30498,5.2928
77.3,1.18221,5.14881
77.4,1.07712,5.00307
77.5,0.987186,4.85671
77.6,0.91006,4.71071
77.7,0.843823,4.56584
77.8,0.786979,4.42269
77.9,0.738111,4.28178
78,0.696169,4.14348
78.1,0.66022,4.00808
78.2,0.629476,3.87582
78.3,0.603321,3.74686
78.4,0.581203,3.62132
78.5,0.56267,3.49927
78.6,0.547348,3.38077
78.7,0.534941,3.26583
78.8,0.525182,3.15445
78.9,0.517871,3.04661
79,0.512833,2.94227
79.1,0.509935,2.84139
79.2,0.509069,2.74392
79.3,0.510157,2.6498
79.4,0.513142,2.55895
79.5,0.51799,2.47132
79.6,0.524688,2.38683
79.7,0.533237,2.3054
79.8,0.543662,2.22696
79.9,0.556003,2.15143
80,0.570312,2.07874
80.1,0.58666,2.00882
80.2,0.605136,1.94159
80.3,0.625843,1.87697
80.4,0.648899,1.8149
80.5,0.674442,1.75531
80.6,0.70263,1.69813
80.7,0.733644,1.6433
80.8,0.767677,1.59077
80.9,0.804943,1.54046
81,0.845674,1.49232
81.1,0.890138,1.4463
81.2,0.938644,1.40235
81.3,0.991508,1.36043
81.4,1.04907,1.32049
81.5,1.11169,1.28249
81.6,1.17976,1.24639
81.7,1.25379,1.21218
81.8,1.33426,1.17982
81.9,1.42168,1.14929
82,1.5166,1.12057
82.1,1.6196,1.09365
82.2,1.7314,1.06852
82.3,1.85274,1.0452
82.4,1.98437,1.02368
82.5,2.12709,1.00398
82.6,2.28176,0.986124
82.7,2.4493,0.970142
82.8,2.63074,0.956097
82.9,2.8271,0.944047
83,3.03948,0.934056
83.1,3.26901,0.926197
83.2,3.51685,0.920574
83.3,3.78406,0.917363
83.4,4.07183,0.916721
83.5,4.38138,0.91882
83.6,4.71399,0.923847
83.7,5.07086,0.932022
83.8,5.4524,0.943762
83.9,5.85916,0.959473
84,6.29172,0.979572
84.1,6.74991,1.00459
84.2,7.23347,1.0351
84.3,7.74167,1.07176
84.4,8.27202,1.11552
84.5,8.82175,1.16738
84.6,9.38698,1.2285
84.7,9.96159,1.30023
84.8,10.5388,1.38406
84.9,11.1095,1.4817
85,11.6616,1.59514
85.1,12.1816,1.72653
85.2,12.6535,1.87803
85.3,13.0583,2.0518
85.4,13.3752,2.25017
85.5,13.5849,2.47432
85.6,13.6684,2.72462
85.7,13.6088,3.00053
85.8,13.3936,3.3001
85.9,13.0198,3.61884
86,12.4928,3.95045
86.1,11.8279,4.2867
86.2,11.0492,4.61812
86.3,10.1883,4.93442
86.4,9.28003,5.22592
86.5,8.35917,5.48427
86.6,7.45756,5.7031
86.7,6.60022,5.8787
86.8,5.8061,6.00966
86.9,5.0855,6.09704
87,4.44325,6.14344
87.1,3.87856,6.15281
87.2,3.38731,6.12961
87.3,2.96276,6.07868
87.4,2.59837,6.00441
87.5,2.28655,5.91108
87.6,2.01967,5.80261
87.7,1.7922,5.6821
87.8,1.59864,5.55234
87.9,1.43285,5.41602
88,1.29116,5.27503
88.1,1.17105,5.13076
88.2,1.06786,4.98499
88.3,0.979522,4.83872
88.4,0.903599,4.69294
88.5,0.838423,4.54834
88.6,0.782616,4.4055
88.7,0.734539,4.26496
88.8,0.69333,4.12705
88.9,0.657887,3.99211
89,0.6277,3.86028
89.1,0.601949,3.73179
89.2,0.580242,3.6067
89.3,0.562058,3.48512
89.4,0.547066,3.36708
89.5,0.534963,3.2526
89.6,0.525475,3.14167
89.7,0.518425,3.03427
89.8,0.513651,2.93037
89.9,0.511001,2.82992
90,0.510383,2.73287
90.1,0.511709,2.63916
90.2,0.514935,2.54872
90.3,0.520016,2.46148
90.4,0.526944,2.37737
90.5,0.535728,2.29632
90.6,0.546395,2.21825
90.7,0.558983,2.14308
90.8,0.573551,2.07074
90.9,0.590172,2.00115
91,0.608936,1.93425
91.1,0.629947,1.86995
91.2,0.65333,1.80819
91.3,0.679227,1.7489
91.4,0.707795,1.69202
91.5,0.739209,1.63748
91.6,0.773664,1.58521
91.7,0.811389,1.53517
91.8,0.852629,1.4873
91.9,0.897648,1.44154
92,0.946729,1.39784
92.1,1.00019,1.35616
92.2,1.0584,1.31647
92.3,1.12175,1.27871
92.4,1.19064,1.24285
92.5,1.2655,1.20887
92.6,1.34683,1.17674
92.7,1.43521,1.14643
92.8,1.5312,1.11794
92.9,1.63541,1.09124
93,1.74849,1.06634
93.1,1.87119,1.04323
93.2,2.0043,1.02194
93.3,2.14862,1.00247
93.4,2.30502,0.984854
93.5,2.47443,0.969117
93.6,2.65785,0.955325
93.7,2.85633,0.943535
93.8,3.07096,0.933816
93.9,3.3029,0.926246
94,3.55324,0.920952
94.1,3.82313,0.918089
94.2,4.11378,0.917807
94.3,4.42643,0.920277
94.4,4.76229,0.925701
94.5,5.12204,0.934417
94.6,5.50651,0.946759
94.7,5.91646,0.963089
94.8,6.35201,0.983883
94.9,6.81327,1.00965
95,7.29992,1.04097
95.1,7.81034,1.07865
95.2,8.34267,1.12354
95.3,8.89412,1.17665
95.4,9.45975,1.2392
95.5,10.0341,1.31253
95.6,10.6099,1.39818
95.7,11.1768,1.49799
95.8,11.7235,1.6139
95.9,12.236,1.74802
96,12.6975,1.90247
96.1,13.0891,2.07958
96.2,13.3913,2.2812
96.3,13.5843,2.50843
96.4,13.6489,2.76176
96.5,13.5683,3.04056
96.6,13.3328,3.34219
96.7,12.9395,3.66219
96.8,12.3953,3.994
96.9,11.7158,4.32931
97,10.9266,4.65847
97.1,10.0592,4.97136
97.2,9.14854,5.25849
97.3,8.23094,5.51128
97.4,7.33825,5.72359
97.5,6.49247,5.89259
97.6,5.71052,6.01735
97.7,5.00196,6.09913
97.8,4.37078,6.14069
97.9,3.81606,6.14591
98,3.333,6.11941
98.1,2.91633,6.06558
98.2,2.55793,5.98916
98.3,2.25153,5.89407
98.4,1.99023,5.78402
98.5,1.76634,5.66259
98.6,1.57603,5.53214
98.7,1.41397,5.39514
98.8,1.27575,5.25364
98.9,1.15771,5.10931
99,1.05635,4.9636
99.1,0.969783,4.81745
99.2,0.895351,4.67189
99.3,0.831475,4.5276
99.4,0.776728,4.38513
99.5,0.729424,4.24505
99.6,0.689172,4.10756
99.7,0.65435,3.97313
99.8,0.624833,3.8418
99.9,0.599671,3.71381
100,0.578368,3.58928
100.1,0.56075,3.4682
100.2,0.545992,3.35073
100.3,0.534243,3.23678
100.4,0.525071,3.12638
100.5,0.518349,3.0195
100.6,0.513869,2.9161
100.7,0.511473,2.81616
100.8,0.511134,2.7196
100.9,0.5127,2.62637
101,0.516184,2.5364
101.1,0.521521,2.44962
101.2,0.528732,2.36595
101.3,0.537791,2.28533
101.4,0.548743,2.20768
101.5,0.561625,2.13292
101.6,0.576504,2.06098
101.7,0.593443,1.99179
101.8,0.612544,1.92526
101.9,0.633906,1.86133
102,0.657655,1.79993
102.1,0.683939,1.74099
102.2,0.71292,1.68445
102.3,0.744776,1.63023
102.4,0.779712,1.57829
102.5,0.817952,1.52857
102.6,0.859736,1.481
102.7,0.905329,1.43554
102.8,0.955041,1.39214
102.9,1.00919,1.35075
103,1.06814,1.31133
103.1,1.13225,1.27385
103.2,1.20197,1.23827
103.3,1.27776,1.20456
103.4,1.36011,1.17269
103.5,1.44954,1.14265
103.6,1.54666,1.11442
103.7,1.65211,1.08799
103.8,1.76653,1.06335
103.9,1.89067,1.04051
104,2.02532,1.01948
104.1,2.17131,1.00028
104.2,2.32952,0.982927
104.3,2.50089,0.967471
104.4,2.68644,0.953963
104.5,2.8872,0.942461
104.6,3.10428,0.933034
104.7,3.3388,0.92579
104.8,3.5919,0.920849
104.9,3.86478,0.91834
105,4.15869,0.918414
105.1,4.47461,0.921301
105.2,4.81356,0.927247
105.3,5.1766,0.936518
105.4,5.56467,0.949422
105.5,5.97801,0.966402
105.6,6.4169,0.987918
105.7,6.88154,1.01447
105.8,7.37164,1.04665
105.9,7.88527,1.08532
106,8.42059,1.13132
106.1,8.97424,1.1857
106.2,9.54188,1.24963
106.3,10.1176,1.32452
106.4,10.6931,1.41205
106.5,11.2586,1.51406
106.6,11.8016,1.6325
106.7,12.3079,1.76951
106.8,12.7608,1.92719
106.9,13.1412,2.10774
107,13.4289,2.31306
107.1,13.6039,2.54424
107.2,13.6456,2.80204
107.3,13.5411,3.08472
107.4,13.2814,3.38943
107.5,12.8636,3.7118
107.6,12.2962,4.04488
107.7,11.5973,4.37997
107.8,10.7941,4.70708
107.9,9.91902,5.01623
108,9.00707,5.29808
108.1,8.09275,5.54473
108.2,7.20581,5.75066
108.3,6.36866,5.91299
108.4,5.59711,6.03117
108.5,4.90062,6.10654
108.6,4.28138,6.14231
108.7,3.7379,6.14245
108.8,3.26597,6.11142
108.9,2.85846,6.05398
109,2.50869,5.97447
109.1,2.20988,5.87688
109.2,1.95433,5.76505
109.3,1.73657,5.642
109.4,1.55126,5.5104
109.5,1.39263,5.3728
109.6,1.25752,5.23089
109.7,1.14224,5.08631
109.8,1.04304,4.94058
109.9,0.958418,4.79453
110,0.885867,4.64914
110.1,0.823125,4.50521
110.2,0.769461,4.36315
110.3,0.723461,4.22344
110.4,0.683931,4.08647
110.5,0.650107,3.95249
110.6,0.621206,3.82171
110.7,0.59664,3.69428
110.8,0.575964,3.57029
110.9,0.558719,3.4498
111,0.544566,3.33286
111.1,0.533236,3.21947
111.2,0.524477,3.10963
111.3,0.51809,3.00331
111.4,0.513923,2.90048
111.5,0.511859,2.80107
111.6,0.511791,2.70505
111.7,0.513649,2.61235
111.8,0.517391,2.5229
111.9,0.523007,2.43663
112,0.530486,2.35345
112.1,0.539822,2.27331
112.2,0.551048,2.19613
112.3,0.564217,2.12182
112.4,0.579403,2.05032
112.5,0.596674,1.98154
112.6,0.616121,1.91543
112.7,0.637858,1.8519
112.8,0.662015,1.79089
112.9,0.688742,1.73233
113,0.7182,1.67615
113.1,0.750571,1.6223
113.2,0.786052,1.57071
113.3,0.824859,1.52132
113.4,0.867247,1.47408
113.5,0.913504,1.42895
113.6,0.963925,1.38587
113.7,1.01883,1.3448
113.8,1.07856,1.30569
113.9,1.14354,1.26851
114,1.2142,1.23323
114.1,1.291,1.19982
114.2,1.37443,1.16825
114.3,1.46502,1.13849
114.4,1.5634,1.11055
114.5,1.67021,1.08441
114.6,1.78612,1.06007
114.7,1.91184,1.03752
114.8,2.04818,1.01678
114.9,2.19599,0.99788
115,2.35618,0.980844
115.1,2.52968,0.965707
115.2,2.7175,0.952512
115.3,2.92067,0.94134
115.4,3.14031,0.932276
115.5,3.37757,0.925411
115.6,3.63365,0.920847
115.7,3.90974,0.918719
115.8,4.20688,0.919237
115.9,4.52623,0.9226
116,4.86897,0.929026
116.1,5.23632,0.938752
116.2,5.62885,0.952161
116.3,6.04667,0.969744
116.4,6.49016,0.991966
116.5,6.95899,1.01939
116.6,7.45256,1.05264
116.7,7.96982,1.09243
116.8,8.50799,1.13974
116.9,9.06385,1.19562
117,9.63277,1.26131
117.1,10.2079,1.33827
117.2,10.7817,1.4281
117.3,11.3435,1.53262
117.4,11.8807,1.65388
117.5,12.3788,1.79405
117.6,12.8207,1.95519
117.7,13.1869,2.13947
117.8,13.4571,2.34882
117.9,13.6121,2.58401
118,13.6332,2.8452
118.1,13.5057,3.1312
118.2,13.2213,3.4389
118.3,12.7796,3.76324
118.4,12.1914,4.09688
118.5,11.4758,4.43099
118.6,10.6595,4.75586
118.7,9.7755,5.06156
118.8,8.86094,5.33835
118.9,7.94978,5.57876
119,7.06934,5.77799
119.1,6.24212,5.93329
119.2,5.48289,6.04443
119.3,4.79777,6.11359
119.4,4.19078,6.14347
119.5,3.65847,6.13855
119.6,3.19751,6.10298
119.7,2.79927,6.04189
119.8,2.45831,5.95922
119.9,2.16769,5.85896
120,1.91816,5.74532
120.1,1.70548,5.62088
120.2,1.52393,5.48839
120.3,1.36981,5.34987
120.4,1.23777,5.20753
120.5,1.12534,5.06269
120.6,1.02892,4.91678
120.7,0.945912,4.7709
120.8,0.875086,4.6257
120.9,0.81429,4.48196
121,0.761897,4.34027
121.1,0.71693,4.20102
121.2,0.678399,4.06452
121.3,0.645321,3.93108
121.4,0.617192,3.80083
121.5,0.593293,3.67396
121.6,0.57316,3.55054
121.7,0.556473,3.43063
121.8,0.542769,3.31428
121.9,0.531865,3.20147
122,0.523506,3.0922
122.1,0.517471,2.98646
122.2,0.513668,2.88418
122.3,0.511932,2.78533
122.4,0.512206,2.68985
122.5,0.514393,2.59767
122.6,0.518477,2.50873
122.7,0.52441,2.42296
122.8,0.532202,2.34029
122.9,0.541868,2.26063
123,0.553443,2.18391
123.1,0.566974,2.11006
123.2,0.582511,2.03901
123.3,0.600152,1.97067
123.4,0.61998,1.90499
123.5,0.642115,1.84188
123.6,0.666692,1.78127
123.7,0.693845,1.72311
123.8,0.723762,1.66732
123.9,0.756612,1.61384
124,0.792603,1.56262
124.1,0.831978,1.51359
124.2,0.874989,1.4667
124.3,0.921913,1.42191
124.4,0.973051,1.37916
124.5,1.02875,1.33841
124.6,1.08938,1.29961
124.7,1.15532,1.26275
124.8,1.22698,1.22777
124.9,1.30487,1.19466
125,1.38951,1.16339
125.1,1.48143,1.13394
125.2,1.58121,1.10629
125.3,1.68949,1.08044
125.4,1.80701,1.05639
125.5,1.93451,1.03415
125.6,2.07277,1.01372
125.7,2.22262,0.995124
125.8,2.38499,0.978396
125.9,2.56086,0.963583
126,2.75122,0.950733
126.1,2.95716,0.939906
126.2,3.17976,0.931185
126.3,3.42014,0.924693
126.4,3.67949,0.920545
126.5,3.95902,0.918874
126.6,4.25998,0.919835
126.7,4.5833,0.923685
126.8,4.92999,0.93068
126.9,5.30109,0.941098
127,5.69723,0.9553
127.1,6.11897,0.973685
127.2,6.56681,0.996688
127.3,7.04015,1.02494
127.4,7.53795,1.05915
127.5,8.05894,1.10011
127.6,8.60041,1.14876
127.7,9.15867,1.20618
127.8,9.72954,1.27352
127.9,10.3061,1.35231
128,10.8793,1.44439
128.1,11.4384,1.55163
128.2,11.9707,1.67598
128.3,12.4611,1.81956
128.4,12.892,1.98457
128.5,13.244,2.17305
128.6,13.4965,2.38674
128.7,13.6295,2.62662
128.8,13.6259,2.89236
128.9,13.4719,3.18248
129,13.1603,3.49361
129.1,12.6915,3.8205
129.2,12.0785,4.15516
129.3,11.3426,4.48858
129.4,10.5121,4.81086
129.5,9.62111,5.11199
129.6,8.70507,5.38297
129.7,7.79693,5.6167
129.8,6.92434,5.80848
129.9,6.10742,5.95627
130,5.36009,6.06011
130.1,4.68901,6.12207
130.2,4.09494,6.14571
130.3,3.57568,6.1351
130.4,3.12552,6.09494
130.5,2.73769,6.02982
130.6,2.40556,5.94392
130.7,2.12141,5.84135
130.8,1.87899,5.7255
130.9,1.67261,5.59933
131,1.49625,5.46561
131.1,1.346,5.32635
131.2,1.21781,5.1834
131.3,1.10782,5.0384
131.4,1.01399,4.89239
131.5,0.933463,4.74649
131.6,0.864129,4.60156
131.7,0.804897,4.45811
131.8,0.753823,4.3168
131.9,0.70986,4.17802
132,0.672301,4.04201
132.1,0.64009,3.90908
132.2,0.612672,3.7794
132.3,0.58948,3.65308
132.4,0.569944,3.53024
132.5,0.55376,3.41092
132.6,0.540575,3.29515
132.7,0.530097,3.18293
132.8,0.52214,3.07425
132.9,0.516502,2.96908
133,0.513041,2.86738
133.1,0.511649,2.7691
133.2,0.512236,2.67417
133.3,0.514738,2.58254
133.4,0.519115,2.49413
133.5,0.525353,2.40888
133.6,0.53345,2.32671
133.7,0.543419,2.24755
133.8,0.555295,2.17132
133.9,0.569129,2.09795
134,0.584993,2.02736
134.1,0.602973,1.95947
134.2,0.623164,1.89421
134.3,0.645683,1.83153
134.4,0.670665,1.77134
134.5,0.698262,1.71358
134.6,0.728643,1.65817
134.7,0.762008,1.60507
134.8,0.798568,1.55422
134.9,0.838553,1.50556
135,0.88221,1.45902
135.1,0.929805,1.41457
135.2,0.981672,1.37216
135.3,1.03817,1.33174
135.4,1.09967,1.29327
135.5,1.16656,1.25672
135.6,1.23926,1.22205
135.7,1.31824,1.18924
135.8,1.40406,1.15827
135.9,1.49729,1.12912
136,1.59849,1.10178
136.1,1.7083,1.07624
136.2,1.82738,1.05249
136.3,1.95655,1.03055
136.4,2.09663,1.01044
136.5,2.24847,0.992181
136.6,2.41297,0.97579
136.7,2.59108,0.961304
136.8,2.78382,0.94879
136.9,2.99229,0.938335
137,3.21759,0.930018
137.1,3.46091,0.923931
137.2,3.72347,0.920175
137.3,4.00643,0.9189
137.4,4.31078,0.920343
137.5,4.63766,0.924712
137.6,4.98822,0.932243
137.7,5.36315,0.943269
137.8,5.76317,0.958149
137.9,6.18897,0.977269
138,6.64062,1.00113
138.1,7.11756,1.03033
138.2,7.61921,1.06553
138.3,8.14426,1.10748
138.4,8.68914,1.15734
138.5,9.25008,1.21628
138.6,9.82176,1.28555
138.7,10.3977,1.36655
138.8,10.9691,1.46097
138.9,11.525,1.57071
139,12.0521,1.69784
139.1,12.5343,1.84464
139.2,12.9537,2.01329
139.3,13.2908,2.20577
139.4,13.5249,2.42372
139.5,13.6376,2.66764
139.6,13.6104,2.93743
139.7,13.4311,3.23118
139.8,13.0937,3.54521
139.9,12.6011,3.87371
140,11.967,4.20876
140.1,11.2138,4.54108
140.2,10.3715,4.86054
140.3,9.47428,5.15735
140.4,8.55732,5.42279
140.5,7.65342,5.64998
140.6,6.78809,5.83488
140.7,5.98131,5.97558
140.8,5.24612,6.07245
140.9,4.58734,6.128
141,4.00578,6.14575
141.1,3.49858,6.12996
141.2,3.05911,6.08545
141.3,2.68088,6.01669
141.4,2.35745,5.92777
141.5,2.08048,5.82288
141.6,1.844,5.70529
141.7,1.64326,5.57767
141.8,1.47129,5.44299
141.9,1.32445,5.30314
142,1.19924,5.15983
142.1,1.09218,5.01458
142.2,1.00054,4.86857
142.3,0.921895,4.72281
142.4,0.854444,4.57806
142.5,0.796439,4.43499
142.6,0.746662,4.29406
142.7,0.703865,4.1557
142.8,0.667212,4.0202
142.9,0.635828,3.8878
143,0.609129,3.75866
143.1,0.586511,3.63293
143.2,0.567557,3.51067
143.3,0.551858,3.39194
143.4,0.53912,3.27675
143.5,0.529063,3.16513
143.6,0.521474,3.05703
143.7,0.516195,2.95244
143.8,0.513075,2.8513
143.9,0.512001,2.75357
144,0.5129,2.65919
144.1,0.51571,2.56809
144.2,0.520395,2.48021
144.3,0.526937,2.39547
144.4,0.535341,2.3138
144.5,0.545622,2.23512
144.6,0.55782,2.15936
144.7,0.571993,2.08644
144.8,0.588207,2.01629
144.9,0.606549,1.94884
145,0.62712,1.88401
145.1,0.65004,1.82173
145.2,0.675448,1.76194
145.3,0.703496,1.70456
145.4,0.734354,1.64954
145.5,0.768223,1.59681
145.6,0.805323,1.54631
145.7,0.845893,1.498
145.8,0.890191,1.45181
145.9,0.938495,1.40769
146,0.99111,1.3656
146.1,1.04841,1.3255
146.2,1.11079,1.28735
146.3,1.17865,1.25111
146.4,1.25241,1.21676
146.5,1.33254,1.18425
146.6,1.41956,1.15358
146.7,1.51409,1.12472
146.8,1.61675,1.09767
146.9,1.72818,1.07243
147,1.84905,1.04898
147.1,1.9801,1.02734
147.2,2.12216,1.00751
147.3,2.27616,0.989548
147.4,2.44301,0.973474
147.5,2.62368,0.959331
147.6,2.8192,0.947163
147.7,3.03061,0.937031
147.8,3.25902,0.92906
147.9,3.50555,0.923369
148,3.77141,0.92008
148.1,4.05784,0.919326
148.2,4.36612,0.921256
148.3,4.69737,0.926081
148.4,5.0522,0.934165
148.5,5.43156,0.945815
148.6,5.83625,0.961379
148.7,6.26644,0.981314
148.8,6.72237,1.0061
148.9,7.20394,1.03628
149,7.7095,1.07266
149.1,8.23723,1.11612
149.2,8.78465,1.16759
149.3,9.34714,1.22827
149.4,9.91936,1.29945
149.5,10.495,1.38257
149.6,11.064,1.47946
149.7,11.6152,1.59213
149.8,12.1347,1.72264
149.9,12.6064,1.87317
150,13.0122,2.04581
150.1,13.3322,2.24255
150.2,13.5467,2.46474
150.3,13.6359,2.71305
150.4,13.5836,2.9869
150.5,13.3774,3.28428
150.6,13.0126,3.60116
150.7,12.4948,3.93108
150.8,11.8391,4.26599
150.9,11.0689,4.5965
151,10.2152,4.91251
151.1,9.31301,5.2042
151.2,8.39724,5.46317
151.3,7.49896,5.68314
151.4,6.64328,5.86034
151.5,5.84924,5.99322
151.6,5.12742,6.08274
151.7,4.48238,6.13152
151.8,3.91459,6.14313
151.9,3.41912,6.12227
152,2.99071,6.07337
152.1,2.623,6.0008
152.2,2.30703,5.90922
152.3,2.03785,5.8019
152.4,1.80856,5.6823
152.5,1.61175,5.55371
152.6,1.4448,5.41796
152.7,1.30226,5.2774
152.8,1.18047,5.13371
152.9,1.07621,4.98833
153,0.986896,4.84238
153.1,0.910327,4.6968
153.2,0.844537,4.55237
153.3,0.788075,4.40968
153.4,0.739501,4.26924
153.5,0.697854,4.1314
153.6,0.662106,3.99648
153.7,0.631588,3.86467
153.8,0.605597,3.73617
153.9,0.583643,3.61106
154,0.565261,3.48945
154.1,0.550112,3.37136
154.2,0.537859,3.25682
154.3,0.528267,3.14583
154.4,0.521102,3.03837
154.5,0.516236,2.9344
154.6,0.513513,2.83388
154.7,0.512836,2.73676
154.8,0.514107,2.64297
154.9,0.517277,2.55246
155,0.522322,2.46514
155.1,0.529222,2.38096
155.2,0.537992,2.29984
155.3,0.54864,2.22169
155.4,0.561223,2.14645
155.5,0.575786,2.07404
155.6,0.592411,2.00438
155.7,0.611179,1.93741
155.8,0.632193,1.87305
155.9,0.655581,1.81123
156,0.681484,1.75188
156.1,0.710057,1.69493
156.2,0.741482,1.64033
156.3,0.775958,1.58802
156.4,0.8137,1.53792
156.5,0.854949,1.48999
156.6,0.89998,1.44418
156.7,0.949083,1.40044
156.8,1.00257,1.35872
156.9,1.0608,1.31898
157,1.12415,1.28117
157.1,1.19305,1.24528
157.2,1.26793,1.21126
157.3,1.3493,1.17909
157.4,1.43769,1.14875
157.5,1.53367,1.12023
157.6,1.63786,1.0935
157.7,1.75094,1.06857
157.8,1.87364,1.04545
157.9,2.0067,1.02413
158,2.15097,1.00464
158.1,2.30733,0.986998
158.2,2.47671,0.971251
158.3,2.6601,0.957437
158.4,2.85852,0.945625
158.5,3.07307,0.935892
158.6,3.30488,0.928324
158.7,3.55511,0.92303
158.8,3.82488,0.920162
158.9,4.11538,0.919877
159,4.42783,0.92235
159.1,4.76322,0.927828
159.2,5.1224,0.936608
159.3,5.5063,0.949002
159.4,5.91571,0.965362
159.5,6.35068,0.986176
159.6,6.81119,1.01197
159.7,7.29712,1.04329
159.8,7.80754,1.08087
159.9,8.3395,1.12571
160,8.89009,1.17886
160.1,9.45489,1.24146
160.2,10.0285,1.31481
160.3,10.6034,1.40049
160.4,11.1698,1.50026
160.5,11.7161,1.6161
160.6,12.2278,1.75017
160.7,12.6883,1.90471
160.8,13.0792,2.08178
160.9,13.3801,2.28337
161,13.572,2.5105
161.1,13.6349,2.76379
161.2,13.5535,3.04234
161.3,13.3166,3.34378
161.4,12.9219,3.66353
161.5,12.3764,3.99502
161.6,11.6968,4.32977
161.7,10.9084,4.65812
161.8,10.043,4.97008
161.9,9.13588,5.25599
162,8.22158,5.5078
162.1,7.32981,5.71975
162.2,6.4847,5.88848
162.3,5.7039,6.01289
162.4,4.9969,6.09427
162.5,4.36677,6.13562
162.6,3.81351,6.1406
162.7,3.33216,6.11384
162.8,2.91571,6.06016
162.9,2.55883,5.9836
163,2.25325,5.88856
163.1,1.99126,5.77893
163.2,1.76828,5.65752
163.3,1.57804,5.5273
163.4,1.41612,5.39052
163.5,1.27763,5.24932
163.6,1.15953,5.10522
163.7,1.05823,4.9597
163.8,0.971635,4.81376
163.9,0.897169,4.66841
164,0.833362,4.52429
164.1,0.778431,4.38204
164.2,0.731319,4.24209
164.3,0.690822,4.10482
164.4,0.65616,3.9705
164.5,0.626534,3.83935
164.6,0.601364,3.71151
164.7,0.580121,3.5871
164.8,0.562381,3.46618
164.9,0.547791,3.3488
165,0.53605,3.23497
165.1,0.526938,3.12467
165.2,0.520225,3.0179
165.3,0.515764,2.91462
165.4,0.513421,2.81477
165.5,0.513095,2.71831
165.6,0.514718,2.62518
165.7,0.518233,2.5353
165.8,0.523615,2.44861
165.9,0.530856,2.36503
166,0.539966,2.2845
166.1,0.550972,2.20692
166.2,0.563915,2.13224
166.3,0.578857,2.06037
166.4,0.595876,1.99125
166.5,0.615064,1.92478
166.6,0.636528,1.86092
166.7,0.660393,1.79959
166.8,0.6868,1.74071
166.9,0.715916,1.68422
167,0.74792,1.63007
167.1,0.78301,1.57818
167.2,0.821407,1.52851
167.3,0.863367,1.481
167.4,0.90916,1.43559
167.5,0.959075,1.39224
167.6,1.01344,1.35091
167.7,1.07262,1.31154
167.8,1.13701,1.27411
167.9,1.20701,1.23858
168,1.28309,1.20493
168.1,1.36576,1.17311
168.2,1.45556,1.14313
168.3,1.55305,1.11495
168.4,1.65889,1.08857
168.5,1.77375,1.06399
168.6,1.89836,1.04122
168.7,2.03349,1.02025
168.8,2.18,1.00111
168.9,2.33877,0.98384
169,2.51074,0.968461
169.1,2.69691,0.955028
169.2,2.89833,0.943612
169.3,3.11609,0.934288
169.4,3.35134,0.927143
169.5,3.60521,0.922304
169.6,3.87886,0.919919
169.7,4.1735,0.920143
169.8,4.49032,0.923162
169.9,4.8302,0.92925
170,5.19407,0.938696
170.1,5.58285,0.951815
170.2,5.99721,0.968984
170.3,6.43716,0.990707
170.4,6.90278,1.0175
170.5,7.39338,1.05002
170.6,7.90755,1.08901
170.7,8.44349,1.13532
170.8,8.99737,1.19008
170.9,9.5646,1.25456
171,10.1392,1.33015
171.1,10.7128,1.41844
171.2,11.2763,1.52116
171.3,11.8171,1.64029
171.4,12.3205,1.77799
171.5,12.7698,1.93652
171.6,13.1461,2.11788
171.7,13.4281,2.32417
171.8,13.5958,2.55658
171.9,13.6321,2.8149
172,13.5216,3.09809
172.1,13.2542,3.40356
172.2,12.8299,3.72615
172.3,12.2573,4.05896
172.4,11.5546,4.39329
172.5,10.7489,4.71935
172.6,9.87265,5.02709
172.7,8.96155,5.30705
172.8,8.04877,5.55174
172.9,7.16403,5.75564
173,6.33018,5.91587
173.1,5.56266,6.03193
173.2,4.8701,6.10541
173.3,4.25504,6.13943
173.4,3.7158,6.13799
173.5,3.24724,6.10575
173.6,2.84317,6.04725
173.7,2.4964,5.9669
173.8,2.19961,5.86881
173.9,1.94626,5.75652
174,1.73017,5.6332
174.1,1.54582,5.50156
174.2,1.38853,5.36385
174.3,1.25428,5.22198
174.4,1.13943,5.07757
174.5,1.0411,4.93191
174.6,0.956897,4.78605
174.7,0.884582,4.64089
174.8,0.822446,4.49712
174.9,0.769135,4.35528
175,0.723335,4.21582
175.1,0.684006,4.0791
175.2,0.650335,3.94538
175.3,0.62159,3.81485
175.4,0.597177,3.68766
175.5,0.576621,3.56391
175.6,0.559498,3.44367
175.7,0.54546,3.32697
175.8,0.534226,3.21382
175.9,0.525545,3.10421
176,0.519237,2.99812
176.1,0.515157,2.8955
176.2,0.513168,2.79631
176.3,0.513189,2.70049
176.4,0.515162,2.60798
176.5,0.519037,2.5187
176.6,0.524785,2.43259
176.7,0.532392,2.34959
176.8,0.541862,2.26961
176.9,0.553238,2.19259
177,0.566565,2.11843
177.1,0.5819,2.04708
177.2,0.599311,1.97846
177.3,0.618904,1.91249
177.4,0.640794,1.84911
177.5,0.665109,1.78824
177.6,0.691992,1.72981
177.7,0.721612,1.67377
177.8,0.754159,1.62005
177.9,0.789838,1.56859
178,0.828872,1.51933
178.1,0.87151,1.47221
178.2,0.918036,1.4272
178.3,0.968752,1.38423
178.4,1.02398,1.34327
178.5,1.08409,1.30427
178.6,1.14948,1.2672
178.7,1.22057,1.23202
178.8,1.29783,1.19871
178.9,1.38178,1.16724
179,1.47295,1.13759
179.1,1.57195,1.10975
179.2,1.67942,1.08371
179.3,1.79604,1.05946
179.4,1.92255,1.03702
179.5,2.05976,1.01639
179.6,2.2085,0.997592
179.7,2.36967,0.980661
179.8,2.54425,0.965633
179.9,2.73321,0.952565
180,2.93762,0.941525
180.1,3.15859,0.932591
180.2,3.39729,0.925858
180.3,3.65484,0.921454
180.4,3.93238,0.919528
180.5,4.23113,0.920249
180.6,4.55228,0.92381
180.7,4.89682,0.930467
180.8,5.26555,0.940532
180.9,5.65923,0.954353
181,6.0785,0.972327
181.1,6.52361,0.994929
181.2,6.99397,1.02276
181.3,7.48881,1.05648
181.4,8.0069,1.09685
181.5,8.5463,1.14474
181.6,9.10293,1.20128
181.7,9.67188,1.26776
181.8,10.247,1.34561
181.9,10.8198,1.43646
182,11.3798,1.54216
182.1,11.9145,1.66476
182.2,12.4089,1.80631
182.3,12.8457,1.96906
182.4,13.2052,2.15519
182.5,13.468,2.3662
182.6,13.6132,2.60329
182.7,13.6233,2.86634
182.8,13.4836,3.15406
182.9,13.187,3.46311
183,12.7349,3.788
183.1,12.1366,4.12176
183.2,11.4112,4.4556
183.3,10.586,4.77972
183.4,9.69644,5.08366
183.5,8.78069,5.35765
183.6,7.87289,5.59433
183.7,6.99746,5.7897
183.8,6.17432,5.94169
183.9,5.42145,6.04919
184,4.74255,6.11503
184.1,4.14116,6.14208
184.2,3.61658,6.13409
184.3,3.16176,6.09617
184.4,2.76905,6.0331
184.5,2.43147,5.94915
184.6,2.14403,5.84784
184.7,1.89888,5.73298
184.8,1.68973,5.60768
184.9,1.51104,5.47463
185,1.35861,5.33591
185.1,1.22855,5.19336
185.2,1.11722,5.04857
185.3,1.02204,4.90272
185.4,0.940702,4.75683
185.5,0.870618,4.61186
185.6,0.810395,4.46841
185.7,0.758748,4.32698
185.8,0.714425,4.18801
185.9,0.676295,4.05186
186,0.643633,3.91876
186.1,0.615824,3.78888
186.2,0.592276,3.66236
186.3,0.572443,3.5393
186.4,0.555967,3.41976
186.5,0.54255,3.30375
186.6,0.531878,3.1913
186.7,0.523707,3.08239
186.8,0.51788,2.97698
186.9,0.51426,2.87505
187,0.512785,2.77651
187.1,0.513223,2.68136
187.2,0.515586,2.58951
187.3,0.519835,2.50088
187.4,0.525945,2.41541
187.5,0.533916,2.33303
187.6,0.543763,2.25366
187.7,0.555519,2.17722
187.8,0.569233,2.10365
187.9,0.584974,2.03286
188,0.602824,1.96478
188.1,0.622884,1.89934
188.2,0.645268,1.83648
188.3,0.670107,1.77611
188.4,0.697549,1.71817
188.5,0.727763,1.6626
188.6,0.760944,1.60934
188.7,0.7973,1.55833
188.8,0.837055,1.50952
188.9,0.880458,1.46283
189,0.927809,1.41824
189.1,0.979421,1.37568
189.2,1.03563,1.33513
189.3,1.09678,1.29652
189.4,1.16331,1.25984
189.5,1.23563,1.22504
189.6,1.31423,1.19211
189.7,1.39959,1.16102
189.8,1.49227,1.13174
189.9,1.59291,1.10428
190,1.70214,1.07862
190.1,1.82064,1.05475
190.2,1.94916,1.03269
190.3,2.08853,1.01245
190.4,2.23962,0.994051
190.5,2.40332,0.977522
190.6,2.5806,0.962898
190.7,2.77247,0.950247
190.8,2.98001,0.939641
190.9,3.20434,0.931157
191,3.44663,0.924886
191.1,3.70798,0.920972
191.2,3.98949,0.919581
191.3,4.29236,0.920888
191.4,4.61779,0.925082
191.5,4.9668,0.932419
191.6,5.34013,0.943234
191.7,5.73866,0.957855
191.8,6.16286,0.976702
191.9,6.61265,1.0003
192,7.08794,1.02921
192.1,7.58785,1.0641
192.2,8.11055,1.10579
192.3,8.65402,1.15515
192.4,9.21429,1.21335
192.5,9.78556,1.28185
192.6,10.3611,1.36213
192.7,10.9323,1.45579
192.8,11.4887,1.56464
192.9,12.0171,1.69073
193,12.5021,1.83624
193.1,12.9255,2.00342
193.2,13.2677,2.19435
193.3,13.5088,2.41048
193.4,13.6288,2.65277
193.5,13.6101,2.92099
193.6,13.4384,3.21363
193.7,13.1101,3.52642
193.8,12.6271,3.85384
193.9,12.0013,4.18846
194,11.2548,4.52093
194.1,10.4176,4.8411
194.2,9.52378,5.13913
194.3,8.60833,5.40627
194.4,7.70379,5.63564
194.5,6.8369,5.82283
194.6,6.02762,5.96593
194.7,5.28861,6.06531
194.8,4.62582,6.12324
194.9,4.04001,6.14321
195,3.52815,6.12951
195.1,3.0847,6.08674
195.2,2.70297,6.01942
195.3,2.37585,5.93184
195.4,2.09633,5.82787
195.5,1.85786,5.71097
195.6,1.65454,5.58409
195.7,1.48118,5.44979
195.8,1.33327,5.3102
195.9,1.20691,5.16712
196,1.0988,5.02205
196.1,1.00623,4.87616
196.2,0.926843,4.73044
196.3,0.858635,4.58574
196.4,0.800108,4.44261
196.5,0.749815,4.30161
196.6,0.70664,4.16313
196.7,0.669597,4.02751
196.8,0.637904,3.89496
196.9,0.610895,3.76567
197,0.588047,3.63976
197.1,0.568873,3.51733
197.2,0.552989,3.39841
197.3,0.540072,3.28305
197.4,0.529866,3.17123
197.5,0.522145,3.06295
197.6,0.516734,2.95817
197.7,0.513492,2.85686
197.8,0.512308,2.75895
197.9,0.513095,2.66439
198,0.515798,2.57312
198.1,0.520379,2.48507
198.2,0.526818,2.40016
198.3,0.535121,2.31832
198.4,0.545307,2.23948
198.5,0.557408,2.16357
198.6,0.571479,2.09049
198.7,0.587589,2.0202
198.8,0.605821,1.9526
198.9,0.626276,1.88762
199,0.649075,1.82521
199.1,0.674353,1.76528
199.2,0.702263,1.70778
199.3,0.732976,1.65263
199.4,0.766684,1.59978
199.5,0.803611,1.54916
199.6,0.843991,1.50073
199.7,0.888081,1.45442
199.8,0.936157,1.41019
199.9,0.988543,1.368
200,1.04559,1.32779
200.1,1.10766,1.28954
